code,current_losses,current_ties,current_wins,d_rating,global_d,global_o,global_rating,goal_diff,goals_against,goals_scored,id,losses,make_champs,make_europa,make_playoffs,name,o_rating,position_1,promoted,relegated,sdr_id,ties,win_league,wins,current_points,last_updated,group
SAR,5.0,12.0,13.0,1.32143,1.70813,1.3211,37.58815,14.0,36.0,50.0,5002,5.0,0.0,0.0,0.0,Sarpsborg,1.70779,0.0,0.0,0.0,95002,12.0,0.0,13.0,51.0,2017-12-07 22:02,
LIL,13.0,7.0,10.0,1.30872,1.69542,1.02483,30.89198,-3.0,43.0,40.0,987,13.0,0.0,0.0,0.0,Lillestrom,1.41152,0.0,0.0,0.0,73933,7.0,0.0,10.0,37.0,2017-12-07 22:02,
SK ,9.0,8.0,13.0,1.30935,1.69605,1.317,37.7237,15.0,36.0,51.0,620,9.0,0.0,0.0,0.0,SK Brann,1.70369,0.0,0.0,0.0,73931,8.0,0.0,13.0,47.0,2017-12-07 22:02,
VAL,13.0,6.0,11.0,1.52644,1.91314,1.38016,35.15582,2.0,46.0,48.0,2791,13.0,0.0,0.0,0.0,Valerenga,1.76685,0.0,0.0,0.0,73938,6.0,0.0,11.0,39.0,2017-12-07 22:02,
AAL,14.0,8.0,8.0,1.76183,2.14853,1.14662,26.31486,-12.0,50.0,38.0,3278,14.0,0.0,0.0,0.0,Aalesund,1.53331,0.0,0.0,1.0,73942,8.0,0.0,8.0,32.0,2017-12-07 22:02,
HAU,13.0,6.0,11.0,1.38387,1.77057,0.88071,26.20607,-4.0,39.0,35.0,3327,13.0,0.0,0.0,0.0,Haugesund,1.26741,0.0,0.0,0.0,74293,6.0,0.0,11.0,39.0,2017-12-07 22:02,
STA,11.0,9.0,10.0,1.56954,1.95624,1.22621,31.04051,-4.0,50.0,46.0,2554,11.0,0.0,0.0,0.0,Stabaek,1.61291,0.0,0.0,0.0,73940,9.0,0.0,10.0,39.0,2017-12-07 22:02,
KRI,10.0,10.0,10.0,1.48856,1.87526,1.21985,32.26932,-2.0,46.0,44.0,6672,10.0,0.0,0.0,0.0,Kristiansund BK,1.60655,0.0,0.0,0.0,106703,10.0,0.0,10.0,40.0,2017-12-07 22:02,
VIK,18.0,6.0,6.0,1.69494,2.08164,0.90382,22.14075,-24.0,57.0,33.0,510,18.0,0.0,0.0,0.0,Viking FK,1.29052,0.0,0.0,1.0,73932,6.0,0.0,6.0,24.0,2017-12-07 22:02,
ODDS,12.0,6.0,12.0,1.31839,1.70508,0.75509,24.22917,-12.0,39.0,27.0,602,12.0,0.0,0.0,0.0,Odd BK,1.14179,0.0,0.0,0.0,73935,6.0,0.0,12.0,42.0,2017-12-07 22:02,
TRO,12.0,8.0,10.0,1.46052,1.84721,1.20027,32.31327,-7.0,49.0,42.0,5270,12.0,0.0,0.0,0.0,Tromso,1.58697,0.0,0.0,0.0,73939,8.0,0.0,10.0,38.0,2017-12-07 22:02,
SOG,14.0,8.0,8.0,1.49497,1.88167,0.9995,27.1892,-10.0,48.0,38.0,3049,14.0,0.0,0.0,0.0,Sogndal,1.3862,0.0,0.0,0.50066,73962,8.0,0.0,8.0,32.0,2017-12-07 22:02,
RBK,5.0,7.0,18.0,0.78601,1.17271,1.46044,52.179,37.0,20.0,57.0,438,5.0,1.0,0.0,0.0,Rosenborg,1.84714,1.0,0.0,0.0,73930,7.0,1.0,18.0,61.0,2017-12-07 22:02,
STR,8.0,8.0,14.0,1.19807,1.58477,1.35506,40.7752,8.0,37.0,45.0,9811,8.0,0.0,0.0,0.0,Stromsgodset,1.74176,0.0,0.0,0.0,73943,8.0,0.0,14.0,50.0,2017-12-07 22:02,
MOL,8.0,6.0,16.0,1.11543,1.50213,1.3201,41.63707,15.0,35.0,50.0,2715,8.0,0.0,0.0,0.0,Molde,1.7068,0.0,0.0,0.0,74298,6.0,0.0,16.0,54.0,2017-12-07 22:02,
SAN,16.0,3.0,11.0,1.70093,2.08763,0.92051,22.41368,-13.0,51.0,38.0,3279,16.0,0.0,0.0,0.0,Sandefjord,1.30721,0.0,0.0,0.0,73941,3.0,0.0,11.0,36.0,2017-12-07 22:02,
SAR,5.0,12.0,13.0,1.32143,1.70813,1.3211,37.58815,14.0,36.0,50.0,5002,5.0,0.0,0.0,0.0,Sarpsborg,1.70779,0.0,0.0,0.0,95002,12.0,0.0,13.0,51.0,2017-11-26 18:53,
LIL,13.0,7.0,10.0,1.30872,1.69542,1.02483,30.89198,-3.0,43.0,40.0,987,13.0,0.0,0.0,0.0,Lillestrom,1.41152,0.0,0.0,0.0,73933,7.0,0.0,10.0,37.0,2017-11-26 18:53,
SK ,9.0,8.0,13.0,1.30935,1.69605,1.317,37.7237,15.0,36.0,51.0,620,9.0,0.0,0.0,0.0,SK Brann,1.70369,0.0,0.0,0.0,73931,8.0,0.0,13.0,47.0,2017-11-26 18:53,
VAL,13.0,6.0,11.0,1.52644,1.91314,1.38016,35.15582,2.0,46.0,48.0,2791,13.0,0.0,0.0,0.0,Valerenga,1.76685,0.0,0.0,0.0,73938,6.0,0.0,11.0,39.0,2017-11-26 18:53,
AAL,14.0,8.0,8.0,1.76183,2.14853,1.14662,26.31486,-12.0,50.0,38.0,3278,14.0,0.0,0.0,0.0,Aalesund,1.53331,0.0,0.0,1.0,73942,8.0,0.0,8.0,32.0,2017-11-26 18:53,
HAU,13.0,6.0,11.0,1.38387,1.77057,0.88071,26.20607,-4.0,39.0,35.0,3327,13.0,0.0,0.0,0.0,Haugesund,1.26741,0.0,0.0,0.0,74293,6.0,0.0,11.0,39.0,2017-11-26 18:53,
STA,11.0,9.0,10.0,1.56954,1.95624,1.22621,31.04051,-4.0,50.0,46.0,2554,11.0,0.0,0.0,0.0,Stabaek,1.61291,0.0,0.0,0.0,73940,9.0,0.0,10.0,39.0,2017-11-26 18:53,
KRI,10.0,10.0,10.0,1.48856,1.87526,1.21985,32.26932,-2.0,46.0,44.0,6672,10.0,0.0,0.0,0.0,Kristiansund BK,1.60655,0.0,0.0,0.0,106703,10.0,0.0,10.0,40.0,2017-11-26 18:53,
VIK,18.0,6.0,6.0,1.69494,2.08164,0.90382,22.14075,-24.0,57.0,33.0,510,18.0,0.0,0.0,0.0,Viking FK,1.29052,0.0,0.0,1.0,73932,6.0,0.0,6.0,24.0,2017-11-26 18:53,
ODDS,12.0,6.0,12.0,1.31839,1.70508,0.75509,24.22917,-12.0,39.0,27.0,602,12.0,0.0,0.0,0.0,Odd BK,1.14179,0.0,0.0,0.0,73935,6.0,0.0,12.0,42.0,2017-11-26 18:53,
TRO,12.0,8.0,10.0,1.46052,1.84721,1.20027,32.31327,-7.0,49.0,42.0,5270,12.0,0.0,0.0,0.0,Tromso,1.58697,0.0,0.0,0.0,73939,8.0,0.0,10.0,38.0,2017-11-26 18:53,
SOG,14.0,8.0,8.0,1.49497,1.88167,0.9995,27.1892,-10.0,48.0,38.0,3049,14.0,0.0,0.0,0.0,Sogndal,1.3862,0.0,0.0,0.50073,73962,8.0,0.0,8.0,32.0,2017-11-26 18:53,
RBK,5.0,7.0,18.0,0.78065,1.16735,1.47277,52.58815,37.0,20.0,57.0,438,5.0,1.0,0.0,0.0,Rosenborg,1.85947,1.0,0.0,0.0,73930,7.0,1.0,18.0,61.0,2017-11-26 18:53,
STR,8.0,8.0,14.0,1.19807,1.58477,1.35506,40.7752,8.0,37.0,45.0,9811,8.0,0.0,0.0,0.0,Stromsgodset,1.74176,0.0,0.0,0.0,73943,8.0,0.0,14.0,50.0,2017-11-26 18:53,
MOL,8.0,6.0,16.0,1.11543,1.50213,1.3201,41.63707,15.0,35.0,50.0,2715,8.0,0.0,0.0,0.0,Molde,1.7068,0.0,0.0,0.0,74298,6.0,0.0,16.0,54.0,2017-11-26 18:53,
SAN,16.0,3.0,11.0,1.70093,2.08763,0.92051,22.41368,-13.0,51.0,38.0,3279,16.0,0.0,0.0,0.0,Sandefjord,1.30721,0.0,0.0,0.0,73941,3.0,0.0,11.0,36.0,2017-11-26 18:53,
SAR,5.0,11.0,13.0,1.31131,1.69801,1.26297,36.44317,13.27455,35.76675,49.0413,5002,5.54225,0.0,0.0,0.0,Sarpsborg,1.64967,0.0,0.0,0.0,95002,11.2379,0.0,13.21985,50.0,2017-11-19 18:56,
LIL,13.0,7.0,9.0,1.33228,1.71898,0.94711,28.63015,-5.15625,43.4634,38.30715,987,13.40875,0.0,0.0,0.0,Lillestrom,1.33381,0.0,0.0,0.0,73933,7.25695,0.0,9.3343,34.0,2017-11-19 18:56,
SK ,9.0,7.0,13.0,1.26996,1.65666,1.3142,38.41532,15.7688,35.1582,50.927,620,9.2255,0.0,0.0,0.0,SK Brann,1.7009,0.0,0.0,0.0,73931,7.2207,0.0,13.5538,46.0,2017-11-19 18:56,
VAL,12.0,6.0,11.0,1.31613,1.70283,1.36051,38.58747,5.28525,42.30955,47.5948,2791,12.31335,0.0,0.0,0.0,Valerenga,1.74721,0.0,0.0,0.0,73938,6.24865,0.0,11.438,39.0,2017-11-19 18:56,
AAL,14.0,8.0,7.0,1.70882,2.09552,0.97436,23.44704,-13.57965,48.79145,35.2118,3278,14.50905,0.0,0.0,0.0,Aalesund,1.36106,0.0,0.0,0.74725,73942,8.235,0.0,7.25595,29.0,2017-11-19 18:56,
HAU,12.0,6.0,11.0,1.29558,1.68228,0.85507,27.02454,-2.68705,37.1582,34.47115,3327,12.29725,0.0,0.0,0.0,Haugesund,1.24177,0.0,0.0,0.0,74293,6.2629,0.0,11.43985,39.0,2017-11-19 18:56,
STA,10.0,9.0,10.0,1.54723,1.93393,1.30614,33.17268,-1.71435,49.5965,47.88215,2554,10.3266,0.0,0.0,0.0,Stabaek,1.69284,0.0,0.0,0.0,73940,9.2286,0.0,10.4448,39.0,2017-11-19 18:56,
KRI,10.0,10.0,9.0,1.45979,1.84649,1.12139,30.53719,-3.31295,45.47115,42.1582,6672,10.43985,0.0,0.0,0.0,Kristiansund BK,1.50809,0.0,0.0,0.0,106703,10.2629,0.0,9.29725,37.0,2017-11-19 18:56,
VIK,18.0,6.0,5.0,1.7779,2.1646,0.88445,20.63971,-26.28565,58.88215,32.5965,510,18.4448,0.0,0.0,0.0,Viking FK,1.27115,0.0,0.0,1.0,73932,6.2286,0.0,5.3266,21.0,2017-11-19 18:56,
ODDS,12.0,6.0,11.0,1.38509,1.77178,0.73808,22.81189,-13.9245,40.7053,26.7808,602,12.59245,0.0,0.0,0.0,Odd BK,1.12478,0.0,0.0,0.0,73935,6.2424,0.0,11.16515,39.0,2017-11-19 18:56,
TRO,12.0,7.0,10.0,1.45803,1.84472,1.155,31.33091,-7.7688,48.927,41.1582,5270,12.5538,0.0,0.0,0.0,Tromso,1.54169,0.0,0.0,0.0,73939,7.2207,0.0,10.2255,37.0,2017-11-19 18:56,
SOG,14.0,8.0,7.0,1.47763,1.86433,0.80341,22.97848,-13.28525,47.5948,34.30955,3049,14.438,0.0,0.0,0.0,Sogndal,1.19011,0.0,0.0,0.74945,73962,8.24865,0.0,7.31335,29.0,2017-11-19 18:56,
RBK,4.0,7.0,18.0,0.77883,1.16552,1.60324,55.55911,38.9245,19.7808,58.7053,438,4.16515,1.0,0.0,0.0,Rosenborg,1.98994,1.0,0.0,0.0,73930,7.2424,1.0,18.59245,61.0,2017-11-19 18:56,
STR,7.0,8.0,14.0,1.05356,1.44026,1.3025,42.50707,9.57965,34.2118,43.79145,9811,7.25595,0.0,0.0,0.0,Stromsgodset,1.6892,0.0,0.0,0.0,73943,8.235,0.0,14.50905,50.0,2017-11-19 18:56,
MOL,8.0,5.0,16.0,1.07257,1.45927,1.30791,42.23714,15.72545,34.0413,49.76675,2715,8.21985,0.0,0.0,0.0,Molde,1.69461,0.0,0.0,0.0,74298,5.2379,0.0,16.54225,53.0,2017-11-19 18:56,
SAN,15.0,3.0,11.0,1.61173,1.99843,0.94405,24.17856,-10.84375,49.30715,38.4634,3279,15.3343,0.0,0.0,0.0,Sandefjord,1.33075,0.0,0.0,0.0,73941,3.25695,0.0,11.40875,36.0,2017-11-19 18:56,
SAR,5.0,11.0,12.0,1.36924,1.75594,1.31841,36.62957,13.43605,37.01925,50.4553,5002,5.7144,0.0,0.0,0.0,Sarpsborg,1.70511,0.0,0.0,0.0,95002,11.42195,0.0,12.86365,47.0,2017-11-05 20:56,
LIL,12.0,7.0,9.0,1.3506,1.7373,1.02521,30.17212,-4.1855,43.8383,39.6528,987,12.77785,0.0,0.0,0.0,Lillestrom,1.41191,0.0,0.0,0.0037,73933,7.5275,0.0,9.69465,34.0,2017-11-05 20:56,
SK ,8.0,7.0,13.0,1.25604,1.64274,1.31878,38.79116,16.26145,34.83615,51.0976,620,8.7218,0.0,0.0,0.0,SK Brann,1.70548,0.0,0.0,0.0,73931,7.46835,0.0,13.80985,46.0,2017-11-05 20:56,
VAL,12.0,6.0,10.0,1.36853,1.75523,1.35513,37.47331,4.2559,43.2575,47.5134,2791,12.4898,0.0,0.0,0.0,Valerenga,1.74183,0.0,0.0,0.0,73938,6.4697,0.0,11.0405,36.0,2017-11-05 20:56,
AAL,13.0,8.0,7.0,1.76575,2.15245,1.03383,23.90106,-13.71985,50.1242,36.40435,3278,14.13195,0.0,0.0,0.0,Aalesund,1.42053,0.0,0.0,0.67625,73942,8.4303,0.0,7.43775,29.0,2017-11-05 20:56,
HAU,11.0,6.0,11.0,1.27484,1.66154,0.91127,28.742,-0.9684,36.65485,35.68645,3327,11.7309,0.0,0.0,0.0,Haugesund,1.29797,0.0,0.0,0.0,74293,6.52185,0.0,11.74725,39.0,2017-11-05 20:56,
STA,10.0,8.0,10.0,1.55272,1.93942,1.35681,34.18569,-0.67465,49.7062,49.03155,2554,10.5112,0.0,0.0,0.0,Stabaek,1.74351,0.0,0.0,0.0,73940,8.43605,0.0,11.05275,38.0,2017-11-05 20:56,
KRI,10.0,10.0,8.0,1.40896,1.79566,1.06419,30.08528,-3.70555,44.5739,40.86835,6672,10.6889,0.0,0.0,0.0,Kristiansund BK,1.45089,0.0,0.0,0.0023,106703,10.50125,0.0,8.80985,34.0,2017-11-05 20:56,
VIK,17.0,6.0,5.0,1.80557,2.19227,0.92215,21.05732,-26.73785,59.7751,33.03725,510,18.32075,0.0,0.0,0.0,Viking FK,1.30885,0.0,0.0,1.0,73932,6.32895,0.0,5.3503,21.0,2017-11-05 20:56,
ODDS,11.0,6.0,11.0,1.38056,1.76726,0.7851,23.99448,-12.88365,40.62125,27.7376,602,12.1837,0.0,0.0,0.0,Odd BK,1.1718,0.0,0.0,0.0,73935,6.4717,0.0,11.3446,39.0,2017-11-05 20:56,
TRO,12.0,7.0,9.0,1.52102,1.90772,1.13149,29.74342,-9.495,50.19725,40.70225,5270,12.85455,0.0,0.0,0.0,Tromso,1.51819,0.0,0.0,0.0128,73939,7.479,0.0,9.66645,34.0,2017-11-05 20:56,
SOG,14.0,7.0,7.0,1.52344,1.91014,0.80797,22.42453,-14.25105,48.68955,34.4385,3049,15.0361,0.0,0.0,0.0,Sogndal,1.19467,0.0,0.0,0.8071,73962,7.455,0.0,7.5089,28.0,2017-11-05 20:56,
RBK,4.0,7.0,17.0,0.80632,1.19302,1.63343,55.58038,39.2913,20.24965,59.54095,438,4.2028,1.0,0.0,0.0,Rosenborg,2.02013,1.0,0.0,0.0,73930,7.3499,1.0,18.4473,58.0,2017-11-05 20:56,
STR,7.0,8.0,13.0,1.05682,1.44352,1.28537,42.0293,9.20405,34.3277,43.53175,9811,7.49425,0.0,0.0,0.0,Stromsgodset,1.67207,0.0,0.0,0.0,73943,8.48395,0.0,14.0218,47.0,2017-11-05 20:56,
MOL,8.0,5.0,15.0,1.13982,1.52652,1.32976,41.36392,14.7907,35.4953,50.286,2715,8.58535,0.0,0.0,0.0,Molde,1.71646,0.0,0.0,0.0,74298,5.49285,0.0,15.9218,50.0,2017-11-05 20:56,
SAN,14.0,3.0,11.0,1.55165,1.93834,0.89648,24.00337,-10.61795,48.09995,37.482,3279,14.8864,0.0,0.0,0.0,Sandefjord,1.28318,0.0,0.0,0.0,73941,3.5003,0.0,11.6133,36.0,2017-11-05 20:56,
SAR,4.0,11.0,12.0,1.33684,1.72354,1.36084,38.20002,15.30555,36.3161,51.62165,5002,4.9417,0.0,0.0,0.0,Sarpsborg,1.74754,0.0,0.0,0.0,95002,11.6247,0.0,13.4336,47.0,2017-10-30 19:57,
LIL,11.0,7.0,9.0,1.34205,1.72875,1.0861,31.75562,-2.6973,43.67885,40.98155,987,12.28135,0.0,0.0,0.0,Lillestrom,1.4728,0.0,0.0,0.00125,73933,7.74055,0.0,9.9781,34.0,2017-10-30 19:57,
SK ,8.0,7.0,12.0,1.31209,1.69879,1.30864,37.48022,15.0349,35.95205,50.98695,620,8.94245,0.0,0.0,0.0,SK Brann,1.69534,0.0,0.0,0.0,73931,7.7002,0.0,13.35735,43.0,2017-10-30 19:57,
VAL,11.0,6.0,10.0,1.33408,1.72078,1.43954,40.02382,6.58975,42.71405,49.3038,2791,11.7971,0.0,0.0,0.0,Valerenga,1.82624,0.0,0.0,0.0,73938,6.7143,0.0,11.4886,36.0,2017-10-30 19:57,
AAL,13.0,8.0,6.0,1.81799,2.20469,0.94974,21.45963,-16.433,51.5466,35.1136,3278,14.8819,0.0,0.0,0.0,Aalesund,1.33644,0.0,0.0,0.92,73942,8.5954,0.0,6.5227,26.0,2017-10-30 19:57,
HAU,10.0,6.0,11.0,1.18582,1.57252,0.9221,30.57442,1.49775,34.52335,36.0211,3327,10.9842,0.0,0.0,0.0,Haugesund,1.3088,0.0,0.0,0.0,74293,6.80735,0.0,12.20845,39.0,2017-10-30 19:57,
STA,10.0,8.0,9.0,1.64358,2.03028,1.13354,27.82713,-6.96965,51.56075,44.5911,2554,11.14845,0.0,0.0,0.0,Stabaek,1.52024,0.0,0.0,0.00035,73940,8.70825,0.0,10.1433,35.0,2017-10-30 19:57,
KRI,10.0,10.0,7.0,1.49701,1.88371,1.06103,28.55084,-5.9895,46.7743,40.7848,6672,11.36605,0.0,0.0,0.0,Kristiansund BK,1.44773,0.0,0.0,0.05045,106703,10.69105,0.0,7.9429,31.0,2017-10-30 19:57,
VIK,17.0,6.0,4.0,1.84989,2.23659,0.89078,19.86184,-28.26905,60.6923,32.42325,510,18.8042,0.0,0.0,0.0,Viking FK,1.27748,0.0,0.0,1.0,73932,6.53765,0.0,4.65815,18.0,2017-10-30 19:57,
ODDS,10.0,6.0,11.0,1.19266,1.57936,0.85948,28.88562,-6.94285,36.37185,29.429,602,11.34765,0.0,0.0,0.0,Odd BK,1.24618,0.0,0.0,0.0,73935,6.74035,0.0,11.912,39.0,2017-10-30 19:57,
TRO,12.0,7.0,8.0,1.61047,1.99717,1.09972,27.6065,-12.0384,51.9898,39.9514,5270,13.3481,0.0,0.0,0.0,Tromso,1.48642,0.0,0.0,0.133,73939,7.72265,0.0,8.92925,31.0,2017-10-30 19:57,
SOG,13.0,7.0,7.0,1.49159,1.87829,0.8833,24.59779,-11.57675,47.8338,36.25705,3049,14.25845,0.0,0.0,0.0,Sogndal,1.27,0.0,0.0,0.37595,73962,7.72325,0.0,8.0183,28.0,2017-10-30 19:57,
RBK,3.0,7.0,17.0,0.75696,1.14366,1.69808,58.10698,41.75325,19.09125,60.8445,438,3.3467,0.9998,0.0,0.0,Rosenborg,2.08478,0.9998,0.0,0.0,73930,7.52435,0.9998,19.12895,58.0,2017-10-30 19:57,
STR,7.0,8.0,12.0,1.06624,1.45294,1.17694,39.20753,7.02635,34.46,41.48635,9811,7.8888,0.0,0.0,0.0,Stromsgodset,1.56364,0.0,0.0,0.0,73943,8.7762,0.0,13.335,44.0,2017-10-30 19:57,
MOL,7.0,5.0,15.0,1.13716,1.52386,1.43165,43.78051,17.0085,35.5008,52.5093,2715,7.736,0.0002,0.0,0.0,Molde,1.81835,0.0002,0.0,0.0,74298,5.6863,0.0002,16.5777,50.0,2017-10-30 19:57,
SAN,14.0,3.0,10.0,1.62904,2.01574,0.86357,22.17788,-13.29955,50.1444,36.84485,3279,15.42485,0.0,0.0,0.0,Sandefjord,1.25027,0.0,0.0,0.0232,73941,3.71155,0.0,10.8636,33.0,2017-10-30 19:57,
SAR,4.0,11.0,11.0,1.39361,1.78031,1.20845,33.67779,10.1652,37.6871,47.8523,5002,5.30955,0.0,0.0,0.0,Sarpsborg,1.59515,0.0,0.0,0.0,95002,11.88875,0.0,12.8017,44.0,2017-10-23 18:52,
LIL,11.0,7.0,8.0,1.40108,1.78778,0.99244,28.54936,-6.4942,44.93285,38.43865,987,12.62455,0.0,0.0,0.0,Lillestrom,1.37914,0.0,0.0,0.04655,73933,7.9776,0.0,9.39785,31.0,2017-10-23 18:52,
SK ,8.0,7.0,11.0,1.27637,1.66307,1.18871,35.36764,13.8551,34.9206,48.7757,620,9.33605,0.0,0.0,0.0,SK Brann,1.57541,0.0,0.0,0.0,73931,8.0008,0.0,12.66315,40.0,2017-10-23 18:52,
VAL,10.0,6.0,10.0,1.31049,1.69719,1.48331,41.45794,7.7124,42.0697,49.7821,2791,11.1383,0.0,0.0,0.0,Valerenga,1.87001,0.0,0.0,5e-05,73938,6.96705,0.0,11.89465,36.0,2017-10-23 18:52,
AAL,12.0,8.0,6.0,1.70833,2.09503,1.00858,24.18047,-12.3181,48.81545,36.49735,3278,14.24405,0.0,0.0,0.0,Aalesund,1.39528,0.0,0.0,0.7616,73942,8.8795,0.0,6.87645,26.0,2017-10-23 18:52,
HAU,9.0,6.0,11.0,1.09313,1.47983,0.88645,31.37206,3.17965,32.07245,35.2521,3327,10.15095,0.0,0.0,0.0,Haugesund,1.27315,0.0,0.0,0.0,74293,7.1265,0.0,12.72255,39.0,2017-10-23 18:52,
STA,10.0,7.0,9.0,1.74609,2.13279,1.18358,27.325,-9.7681,54.8145,45.0464,2554,12.0815,0.0,0.0,0.0,Stabaek,1.57028,0.0,0.0,0.00695,73940,7.8259,0.0,10.0926,34.0,2017-10-23 18:52,
KRI,10.0,9.0,7.0,1.44036,1.82706,1.0236,28.6228,-5.8007,45.59985,39.79915,6672,11.6563,0.0,0.0,0.0,Kristiansund BK,1.4103,0.0,0.0,0.0651,106703,10.022,0.0,8.3217,30.0,2017-10-23 18:52,
VIK,16.0,6.0,4.0,1.80189,2.18858,0.95161,21.70873,-25.37245,59.55925,34.1868,510,18.2002,0.0,0.0,0.0,Viking FK,1.33831,0.0,0.0,0.9995,73932,6.77075,0.0,5.02905,18.0,2017-10-23 18:52,
ODDS,10.0,5.0,11.0,1.16001,1.54671,0.80978,28.19964,-7.36085,35.76175,28.4009,602,11.80475,0.0,0.0,0.0,Odd BK,1.19648,0.0,0.0,0.0,73935,6.0212,0.0,12.17405,38.0,2017-10-23 18:52,
TRO,12.0,7.0,7.0,1.6824,2.06909,1.05899,25.63241,-14.87035,53.43745,38.5671,5270,13.71715,0.0,0.0,0.0,Tromso,1.44569,0.0,0.0,0.3294,73939,7.9436,0.0,8.33925,28.0,2017-10-23 18:52,
SOG,12.0,7.0,7.0,1.37188,1.75858,0.8647,26.01795,-8.91635,45.0026,36.08625,3049,13.71845,0.0,0.0,0.0,Sogndal,1.2514,0.0,0.0,0.2808,73962,8.00105,0.0,8.2805,28.0,2017-10-23 18:52,
RBK,3.0,6.0,17.0,0.78852,1.17522,1.82123,59.92039,44.1577,19.7969,63.9546,438,3.39855,0.99995,0.0,0.0,Rosenborg,2.20793,0.99995,0.0,0.0,73930,6.6312,0.99995,19.97025,57.0,2017-10-23 18:52,
STR,7.0,8.0,11.0,1.04972,1.43642,1.053,36.46136,4.42735,34.01505,38.4424,9811,8.11755,0.0,0.0,0.0,Stromsgodset,1.4397,0.0,0.0,0.0,73943,9.10185,0.0,12.7806,41.0,2017-10-23 18:52,
MOL,7.0,5.0,14.0,1.16822,1.55492,1.40199,42.46131,15.83725,36.11395,51.9512,2715,8.15065,5e-05,0.0,0.0,Molde,1.78869,5e-05,0.0,0.0,74298,5.92845,5e-05,15.9209,47.0,2017-10-23 18:52,
SAN,13.0,3.0,10.0,1.48452,1.87122,0.91772,25.4905,-8.43355,46.47295,38.0394,3279,14.82125,0.0,0.0,0.0,Sandefjord,1.30442,0.0,0.0,0.01215,73941,3.9742,0.0,11.20455,33.0,2017-10-23 18:52,
SAR,4.0,10.0,11.0,1.29213,1.67883,1.10778,33.16353,9.7294,35.58185,45.31125,5002,5.72885,5e-05,0.0,0.0,Sarpsborg,1.49448,5e-05,0.0,0.0,95002,11.2343,5e-05,13.03685,43.0,2017-10-16 18:54,
LIL,10.0,7.0,8.0,1.42474,1.81144,1.04916,29.47153,-5.9548,45.58415,39.62935,987,12.10565,0.0,0.0,0.0,Lillestrom,1.43586,0.0,0.0,0.0264,73933,8.2315,0.0,9.66285,31.0,2017-10-16 18:54,
SK ,7.0,7.0,11.0,1.2267,1.6134,1.27506,38.34627,16.99915,33.3922,50.39135,620,8.7026,0.0,0.0,0.0,SK Brann,1.66176,0.0,0.0,0.0,73931,8.23125,0.0,13.06615,40.0,2017-10-16 18:54,
VAL,10.0,6.0,9.0,1.33541,1.72211,1.22658,35.15276,0.7303,42.6326,43.3629,2791,11.6953,0.0,0.0,0.0,Valerenga,1.61328,0.0,0.0,0.00115,73938,7.28185,0.0,11.02285,33.0,2017-10-16 18:54,
AAL,12.0,7.0,6.0,1.73493,2.12163,1.04196,24.50741,-11.98045,49.2439,37.26345,3278,14.54645,0.0,0.0,0.0,Aalesund,1.42866,0.0,0.0,0.6007,73942,8.13525,0.0,7.3183,25.0,2017-10-16 18:54,
HAU,8.0,6.0,11.0,1.12086,1.50756,0.93775,32.16248,3.4834,32.8744,36.3578,3327,9.69475,0.0,0.0,0.0,Haugesund,1.32445,0.0,0.0,0.0,74293,7.3623,0.0,12.94295,39.0,2017-10-16 18:54,
STA,9.0,7.0,9.0,1.72153,2.10823,1.23404,28.76515,-7.9013,54.06135,46.16005,2554,11.29815,0.0,0.0,0.0,Stabaek,1.62074,0.0,0.0,0.0035,73940,8.0598,0.0,10.64205,34.0,2017-10-16 18:54,
KRI,10.0,8.0,7.0,1.47451,1.86121,1.04668,28.59151,-6.0263,46.51575,40.48945,6672,12.0978,0.0,0.0,0.0,Kristiansund BK,1.43338,0.0,0.0,0.08105,106703,9.2288,0.0,8.6734,29.0,2017-10-16 18:54,
VIK,15.0,6.0,4.0,1.55239,1.93909,0.9769,25.78801,-18.10465,52.8111,34.70645,510,17.34505,0.0,0.0,0.0,Viking FK,1.3636,0.0,0.0,0.9815,73932,7.0924,0.0,5.56255,18.0,2017-10-16 18:54,
ODDS,10.0,5.0,10.0,1.21028,1.59698,0.83096,27.86526,-7.83865,36.7698,28.93115,602,12.0475,0.0,0.0,0.0,Odd BK,1.21766,0.0,0.0,0.00035,73935,6.30935,0.0,11.64315,35.0,2017-10-16 18:54,
TRO,12.0,7.0,6.0,1.73553,2.12223,1.03764,24.40773,-17.1977,54.8541,37.6564,5270,14.36845,0.0,0.0,0.0,Tromso,1.42434,0.0,0.0,0.59605,73939,8.15445,0.0,7.4771,25.0,2017-10-16 18:54,
SOG,12.0,6.0,7.0,1.2817,1.6684,0.77065,25.18668,-8.5921,42.5759,33.9838,3049,13.9763,0.0,0.0,0.0,Sogndal,1.15735,0.0,0.0,0.2048,73962,7.3415,0.0,8.6822,27.0,2017-10-16 18:54,
RBK,3.0,6.0,16.0,0.82989,1.21659,1.73566,57.2191,40.71805,21.2266,61.94465,438,3.73955,0.999,0.0,0.0,Rosenborg,2.12236,0.999,0.0,0.0,73930,6.94345,0.999,19.317,54.0,2017-10-16 18:54,
STR,7.0,8.0,10.0,1.05902,1.44572,1.01378,35.28333,3.22435,34.2313,37.45565,9811,8.5102,0.0,0.0,0.0,Stromsgodset,1.40048,0.0,0.0,0.0,73943,9.40335,0.0,12.08645,38.0,2017-10-16 18:54,
MOL,7.0,5.0,13.0,1.21656,1.60326,1.44148,42.38313,15.70825,36.9988,52.70705,2715,8.32735,0.00095,0.0,0.0,Molde,1.82817,0.00095,0.0,0.0,74298,6.17935,0.00095,15.4933,44.0,2017-10-16 18:54,
SAN,12.0,3.0,10.0,1.44441,1.83111,0.92851,26.36279,-6.99695,45.2193,38.22235,3279,14.0858,0.0,0.0,0.0,Sandefjord,1.31521,0.0,0.0,0.00405,73941,4.2716,0.0,11.6426,33.0,2017-10-16 18:54,
SAR,4.0,9.0,11.0,1.25404,1.64074,1.10808,33.87064,10.62055,34.6596,45.28015,5002,5.9209,0.0022,0.0,0.0,Sarpsborg,1.49478,0.0022,0.0,0.0,95002,10.46455,0.0022,13.61455,42.0,2017-10-01 19:50,
LIL,10.0,7.0,7.0,1.48381,1.87051,1.07853,29.16286,-6.82255,47.1229,40.30035,987,12.44845,0.0,0.0,0.0,Lillestrom,1.46522,0.0,0.0,0.12445,73933,8.455,0.0,9.09655,28.0,2017-10-01 19:50,
SK ,6.0,7.0,11.0,1.26263,1.64932,1.34824,39.34134,17.58545,34.5972,52.18265,620,8.2028,0.001,0.0,0.0,SK Brann,1.73493,0.001,0.0,0.0,73931,8.4244,0.001,13.3728,40.0,2017-10-01 19:50,
VAL,10.0,6.0,7.0,1.40072,1.78742,0.9714,28.06384,-7.21875,44.4511,37.23235,2791,12.6311,0.0,0.0,0.0,Valerenga,1.3581,0.0,0.0,0.1138,73938,7.8362,0.0,9.5327,27.0,2017-10-01 19:50,
AAL,11.0,7.0,6.0,1.57936,1.96606,1.04941,26.98393,-7.69505,45.2931,37.59805,3278,13.8642,0.0,0.0,0.0,Aalesund,1.43611,0.0,0.0,0.47555,73942,8.41175,0.0,7.72405,25.0,2017-10-01 19:50,
HAU,7.0,6.0,10.0,1.07573,1.46243,0.96938,33.82676,5.4018,31.9095,37.3113,3327,9.21985,0.00015,0.0,0.0,Haugesund,1.35607,0.00015,0.0,0.0,74293,7.8799,0.00015,12.90025,36.0,2017-10-01 19:50,
STA,9.0,6.0,9.0,1.72186,2.10856,1.18915,27.81054,-8.80985,54.11175,45.3019,2554,11.88345,0.0,0.0,0.0,Stabaek,1.57585,0.0,0.0,0.0104,73940,7.286,0.0,10.83055,33.0,2017-10-01 19:50,
KRI,9.0,8.0,7.0,1.42747,1.81416,1.13485,31.39629,-2.9012,45.60085,42.69965,6672,11.25725,0.0,0.0,0.0,Kristiansund BK,1.52155,0.0,0.0,0.04355,106703,9.4246,0.0,9.31815,29.0,2017-10-01 19:50,
VIK,15.0,6.0,3.0,1.64585,2.03255,0.93243,23.43598,-21.3004,54.94,33.6396,510,17.97535,0.0,0.0,0.0,Viking FK,1.31913,0.0,0.0,0.9964,73932,7.3103,0.0,4.71435,15.0,2017-10-01 19:50,
ODDS,9.0,5.0,10.0,1.23219,1.61889,0.87619,28.61437,-7.09985,37.1285,30.02865,602,11.49135,0.0,0.0,0.0,Odd BK,1.26289,0.0,0.0,0.0008,73935,6.5736,0.0,11.93505,35.0,2017-10-01 19:50,
TRO,11.0,7.0,6.0,1.70765,2.09435,1.11679,26.49057,-14.7365,54.023,39.2865,5270,13.8728,0.0,0.0,0.0,Tromso,1.50349,0.0,0.0,0.5364,73939,8.3418,0.0,7.7854,25.0,2017-10-01 19:50,
SOG,11.0,6.0,7.0,1.30878,1.69548,0.82171,25.99838,-7.74445,43.02595,35.2815,3049,13.389,0.0,0.0,0.0,Sogndal,1.20841,0.0,0.0,0.19315,73962,7.57825,0.0,9.03275,27.0,2017-10-01 19:50,
RBK,3.0,6.0,15.0,0.88518,1.27188,1.70305,55.27922,38.2925,22.68645,60.97895,438,4.01435,0.9946,0.0,0.0,Rosenborg,2.08975,0.9946,0.0,0.0,73930,7.16275,0.9946,18.8229,51.0,2017-10-01 19:50,
STR,7.0,8.0,9.0,1.10019,1.48689,1.03805,35.08531,2.38715,35.4293,37.81645,9811,8.84135,0.0,0.0,0.0,Stromsgodset,1.42475,0.0,0.0,0.0001,73943,9.65245,0.0,11.5062,35.0,2017-10-01 19:50,
MOL,7.0,5.0,12.0,1.275,1.6617,1.48958,42.29685,15.21945,38.54995,53.7694,2715,8.61865,0.00205,0.0,0.0,Molde,1.87628,0.00205,0.0,0.0,74298,6.39525,0.00205,14.9861,41.0,2017-10-01 19:50,
SAN,11.0,3.0,10.0,1.41754,1.80424,0.98075,28.00592,-5.1783,44.50515,39.32685,3279,13.5007,0.0,0.0,0.0,Sandefjord,1.36745,0.0,0.0,0.0049,73941,4.5401,0.0,11.9592,33.0,2017-10-01 19:50,
SAR,4.0,8.0,10.0,1.29394,1.68064,1.05867,31.96208,8.0302,36.0108,44.041,5002,6.9969,0.00155,0.0,0.0,Sarpsborg,1.44537,0.00155,0.0,0.0,95002,9.91565,0.00155,13.08745,38.0,2017-09-24 19:53,
LIL,9.0,7.0,7.0,1.47141,1.85811,1.10456,29.9595,-6.0215,46.8719,40.8504,987,11.86345,0.0,0.0,0.0,Lillestrom,1.49126,0.0,0.0,0.0686,73933,8.6863,0.0,9.45025,28.0,2017-09-24 19:53,
SK ,5.0,7.0,11.0,1.09448,1.48118,1.45126,45.12076,24.6517,30.2968,54.9485,620,6.9746,0.00665,0.0,0.0,SK Brann,1.83796,0.00665,0.0,0.0,73931,8.61965,0.00665,14.40575,40.0,2017-09-24 19:53,
VAL,9.0,6.0,7.0,1.27629,1.66299,0.94359,29.50317,-4.69165,41.10805,36.4164,2791,11.85015,0.0,0.0,0.0,Valerenga,1.33029,0.0,0.0,0.0479,73938,8.14985,0.0,10.0,27.0,2017-09-24 19:53,
AAL,10.0,7.0,6.0,1.56333,1.95003,1.11512,28.69111,-5.42695,44.698,39.27105,3278,13.1933,0.0,0.0,0.0,Aalesund,1.50182,0.0,0.0,0.2681,73942,8.65465,0.0,8.15205,25.0,2017-09-24 19:53,
HAU,6.0,6.0,10.0,1.08467,1.47137,1.02672,35.10487,6.6102,31.96625,38.57645,3327,8.5525,0.00035,0.0,0.0,Haugesund,1.41342,0.00035,0.0,0.0,74293,8.15125,0.00035,13.29625,36.0,2017-09-24 19:53,
STA,9.0,6.0,8.0,1.68874,2.07544,1.05354,25.42213,-11.23175,53.3314,42.09965,2554,12.33495,0.0,0.0,0.0,Stabaek,1.44023,0.0,0.0,0.04305,73940,7.5535,0.0,10.11155,30.0,2017-09-24 19:53,
KRI,9.0,8.0,6.0,1.51662,1.90332,0.94265,25.56484,-9.91915,48.40445,38.4853,6672,12.2871,0.0,0.0,0.0,Kristiansund BK,1.32935,0.0,0.0,0.2237,106703,9.6375,0.0,8.0754,26.0,2017-09-24 19:53,
VIK,14.0,6.0,3.0,1.66975,2.05645,1.01011,24.76854,-19.86945,55.214,35.34455,510,17.2433,0.0,0.0,0.0,Viking FK,1.39681,0.0,0.0,0.974,73932,7.5605,0.0,5.1962,15.0,2017-09-24 19:53,
ODDS,8.0,5.0,9.0,1.26025,1.64695,0.88285,28.29685,-7.6127,37.63705,30.02435,602,11.31535,0.0,0.0,0.0,Odd BK,1.26955,0.0,0.0,0.00305,73935,7.14165,0.0,11.543,32.0,2017-09-24 19:53,
TRO,11.0,7.0,5.0,1.73682,2.12352,1.10426,25.79319,-16.3005,54.98035,38.67985,5270,14.3835,0.0,0.0,0.0,Tromso,1.49096,0.0,0.0,0.6768,73939,8.5411,0.0,7.0754,22.0,2017-09-24 19:53,
SOG,11.0,5.0,7.0,1.28688,1.67358,0.77721,25.2647,-8.011,42.2165,34.2055,3049,13.80655,0.0,0.0,0.0,Sogndal,1.16391,0.0,0.0,0.16125,73962,6.86875,0.0,9.3247,26.0,2017-09-24 19:53,
RBK,3.0,5.0,15.0,0.85669,1.24339,1.75801,57.07771,40.3018,22.14405,62.44585,438,4.0744,0.98875,0.0,0.0,Rosenborg,2.14471,0.98875,0.0,0.0,73930,6.29735,0.98875,19.62825,50.0,2017-09-24 19:53,
STR,7.0,8.0,8.0,1.16876,1.55546,1.05955,34.29583,1.00605,37.30375,38.3098,9811,9.3274,0.0,0.0,0.0,Stromsgodset,1.44624,0.0,0.0,0.0011,73943,9.86215,0.0,10.81045,32.0,2017-09-24 19:53,
MOL,7.0,4.0,12.0,1.2288,1.6155,1.46098,42.5779,15.57595,37.318,52.89395,2715,8.8874,0.0027,0.0,0.0,Molde,1.84768,0.0027,0.0,0.0,74298,5.68515,0.0027,15.42745,40.0,2017-09-24 19:53,
SAN,11.0,3.0,9.0,1.48263,1.86933,0.96632,26.62884,-7.09125,46.1192,39.02795,3279,13.8596,0.0,0.0,0.0,Sandefjord,1.35302,0.0,0.0,0.02825,73941,4.7741,0.0,11.3663,30.0,2017-09-24 19:53,
SAR,4.0,8.0,10.0,1.29394,1.68064,1.05867,31.96208,8.1215,35.9993,44.1208,5002,6.9784,0.0041,0.0,0.0,Sarpsborg,1.44537,0.0041,0.0,0.0,95002,9.9408,0.0041,13.0808,38.0,2017-09-18 18:52,
LIL,8.0,7.0,7.0,1.42957,1.81627,1.18771,32.56731,-3.0737,45.56425,42.49055,987,11.27215,0.0,0.0,0.0,Lillestrom,1.57441,0.0,0.0,0.03505,73933,8.9051,0.0,9.82275,28.0,2017-09-18 18:52,
SK ,4.0,7.0,11.0,1.04756,1.43426,1.47785,46.72496,26.78495,28.95285,55.7378,620,6.11635,0.0594,0.0,0.0,SK Brann,1.86455,0.0594,0.0,0.0,73931,8.8542,0.0594,15.02945,40.0,2017-09-18 18:52,
VAL,9.0,6.0,6.0,1.29661,1.68331,0.88994,27.85427,-6.6999,41.85045,35.15055,2791,12.4389,0.0,0.0,0.0,Valerenga,1.27664,0.0,0.0,0.13045,73938,8.4343,0.0,9.1268,24.0,2017-09-18 18:52,
AAL,9.0,7.0,6.0,1.56802,1.95472,1.20454,30.58932,-3.09195,44.7653,41.67335,3278,12.29615,0.0,0.0,0.0,Aalesund,1.59124,0.0,0.0,0.12455,73942,8.86895,0.0,8.8349,25.0,2017-09-18 18:52,
HAU,6.0,6.0,9.0,1.07621,1.46291,1.01985,35.09766,6.5939,31.69725,38.29115,3327,8.7157,0.00075,0.0,0.0,Haugesund,1.40655,0.00075,0.0,5e-05,74293,8.39015,0.00075,12.89415,33.0,2017-09-18 18:52,
STA,8.0,6.0,8.0,1.7337,2.1204,1.12136,26.19968,-10.1926,54.28445,44.09185,2554,11.7063,0.0,0.0,0.0,Stabaek,1.50806,0.0,0.0,0.0269,73940,7.77835,0.0,10.51535,30.0,2017-09-18 18:52,
KRI,9.0,8.0,5.0,1.58704,1.97374,0.98039,25.34195,-11.2005,50.55065,39.35015,6672,12.73815,0.0,0.0,0.0,Kristiansund BK,1.36709,0.0,0.0,0.362,106703,9.79665,0.0,7.4652,23.0,2017-09-18 18:52,
VIK,13.0,6.0,3.0,1.66198,2.04868,1.00004,24.6648,-19.59195,54.9375,35.34555,510,16.8085,0.0,0.0,0.0,Viking FK,1.38674,0.0,0.0,0.9401,73932,7.80595,0.0,5.38555,15.0,2017-09-18 18:52,
ODDS,8.0,4.0,9.0,1.2344,1.6211,0.85072,27.94512,-7.5986,36.87495,29.27635,602,11.67315,0.0001,0.0,0.0,Odd BK,1.23742,0.0001,0.0,0.0066,73935,6.43635,0.0001,11.8905,31.0,2017-09-18 18:52,
TRO,10.0,6.0,5.0,1.69459,2.08129,1.07611,25.81813,-15.9271,53.96065,38.03355,5270,14.26755,0.0,0.0,0.0,Tromso,1.46281,0.0,0.0,0.50515,73939,8.03935,0.0,7.6931,21.0,2017-09-18 18:52,
SOG,11.0,5.0,6.0,1.36693,1.75362,0.78101,24.10509,-10.24605,44.54315,34.2971,3049,14.46745,0.0,0.0,0.0,Sogndal,1.16771,0.0,0.0,0.3461,73962,7.06515,0.0,8.4674,23.0,2017-09-18 18:52,
RBK,3.0,5.0,14.0,0.91396,1.30066,1.70223,54.61601,36.78135,23.93945,60.7208,438,4.50065,0.9289,0.0,0.0,Rosenborg,2.08892,0.9289,0.0,0.0,73930,6.6,0.9289,18.89935,47.0,2017-09-18 18:52,
STR,7.0,8.0,7.0,1.1696,1.5563,1.05792,34.23985,0.8519,37.29795,38.14985,9811,9.5423,0.0,0.0,0.0,Stromsgodset,1.44462,0.0,0.0,0.0067,73943,10.07595,0.0,10.38175,29.0,2017-09-18 18:52,
MOL,7.0,4.0,11.0,1.22612,1.61282,1.41249,41.53273,14.4092,37.3033,51.7125,2715,9.10705,0.00675,0.0,0.0,Molde,1.79919,0.00675,0.0,0.0,74298,5.90425,0.00675,14.9887,37.0,2017-09-18 18:52,
SAN,10.0,3.0,9.0,1.44154,1.82824,0.96344,27.21573,-5.92045,44.9118,38.99135,3279,13.42085,0.0,0.0,0.0,Sandefjord,1.35014,0.0,0.0,0.01685,73941,5.0053,0.0,11.57385,30.0,2017-09-18 18:52,
SAR,3.0,8.0,10.0,1.07806,1.46476,1.12973,37.80554,16.0043,30.2183,46.2226,5002,5.6913,0.0416,0.0,0.0,Sarpsborg,1.51643,0.0416,0.0,0.0,95002,10.25215,0.0416,14.05655,38.0,2017-09-11 18:52,
LIL,8.0,6.0,7.0,1.4939,1.8806,1.28357,33.59884,-1.63385,47.07825,45.4444,987,11.38215,0.0,0.0,0.0,Lillestrom,1.67027,0.0,0.0,0.02505,73933,8.06095,0.0,10.5569,27.0,2017-09-11 18:52,
SK ,4.0,7.0,10.0,1.11366,1.50036,1.51441,46.14981,26.3798,30.69545,57.07525,620,6.4407,0.05675,0.0,0.0,SK Brann,1.90111,0.05675,0.0,0.0,73931,9.0457,0.05675,14.5136,37.0,2017-09-11 18:52,
VAL,8.0,6.0,6.0,1.25926,1.64596,0.93345,29.55243,-4.5015,40.54585,36.04435,2791,12.00245,0.0,0.0,0.0,Valerenga,1.32015,0.0,0.0,0.0816,73938,8.6294,0.0,9.36815,24.0,2017-09-11 18:52,
AAL,8.0,7.0,6.0,1.47601,1.86271,1.15232,30.96412,-2.37725,42.7324,40.35515,3278,11.70255,0.0,0.0,0.0,Aalesund,1.53902,0.0,0.0,0.08155,73942,9.19975,0.0,9.0977,25.0,2017-09-11 18:52,
HAU,6.0,6.0,8.0,1.1419,1.52859,1.02774,34.02228,5.40215,33.25545,38.6576,3327,9.14365,0.00085,0.0,0.0,Haugesund,1.41444,0.00085,0.0,0.00095,74293,8.65355,0.00085,12.2028,30.0,2017-09-11 18:52,
STA,7.0,6.0,8.0,1.70835,2.09505,1.20984,28.45708,-7.22905,53.4026,46.17355,2554,10.9102,0.00015,0.0,0.0,Stabaek,1.59654,0.00015,0.0,0.01165,73940,8.00925,0.00015,11.08055,30.0,2017-09-11 18:52,
KRI,9.0,7.0,5.0,1.68347,2.07017,1.04268,25.26711,-12.41595,53.3819,40.96595,6672,13.3799,0.0,0.0,0.0,Kristiansund BK,1.42938,0.0,0.0,0.36565,106703,8.97815,0.0,7.64195,22.0,2017-09-11 18:52,
VIK,12.0,6.0,3.0,1.6077,1.9944,0.96196,24.62995,-18.6592,53.10055,34.44135,510,16.1821,0.0,0.0,0.0,Viking FK,1.34866,0.0,0.0,0.8755,73932,8.1075,0.0,5.7104,15.0,2017-09-11 18:52,
ODDS,8.0,4.0,8.0,1.19089,1.57759,0.77309,26.73773,-8.58665,35.62485,27.0382,602,12.01465,5e-05,0.0,0.0,Odd BK,1.15978,5e-05,0.0,0.0207,73935,6.7649,5e-05,11.22045,28.0,2017-09-11 18:52,
TRO,10.0,6.0,4.0,1.77454,2.16124,0.84043,19.77695,-24.20345,56.5005,32.29705,5270,15.3478,0.0,0.0,0.0,Tromso,1.22713,0.0,0.0,0.79795,73939,8.24625,0.0,6.40595,18.0,2017-09-11 18:52,
SOG,10.0,5.0,6.0,1.37466,1.76136,0.85039,25.63455,-8.88285,44.71615,35.8333,3049,13.75545,0.0,0.0,0.0,Sogndal,1.23709,0.0,0.0,0.2046,73962,7.3277,0.0,8.91685,23.0,2017-09-11 18:52,
RBK,3.0,5.0,13.0,0.91535,1.30205,1.67959,54.10109,34.6071,24.55225,59.15935,438,4.6441,0.89395,0.0,0.0,Rosenborg,2.06629,0.89395,0.0,0.0,73930,6.8636,0.89395,18.4923,44.0,2017-09-11 18:52,
STR,7.0,8.0,6.0,1.24351,1.63021,1.03578,32.32311,-1.8637,39.31695,37.45325,9811,10.0835,0.0,0.0,0.0,Stromsgodset,1.42248,0.0,0.0,0.02785,73943,10.3136,0.0,9.6029,26.0,2017-09-11 18:52,
MOL,7.0,4.0,10.0,1.1912,1.57789,1.35485,40.90819,13.18465,36.83765,50.0223,2715,9.526,0.0066,0.0,0.0,Molde,1.74154,0.0066,0.0,0.0001,74298,6.17085,0.0066,14.30315,34.0,2017-09-11 18:52,
SAN,9.0,3.0,9.0,1.47169,1.85839,1.04207,28.53244,-5.22455,45.99335,40.7688,3279,12.89005,5e-05,0.0,0.0,Sandefjord,1.42877,5e-05,0.0,0.00925,73941,5.1836,5e-05,11.92635,30.0,2017-09-11 18:52,
SAR,3.0,8.0,9.0,1.08958,1.47628,1.07553,36.23027,14.1281,30.4919,44.62,5002,6.2193,0.0412,0.0,0.0,Sarpsborg,1.46223,0.0412,0.0,0.0,95002,10.5822,0.0412,13.1985,35.0,2017-08-21 18:53,
LIL,8.0,5.0,7.0,1.53165,1.91835,1.29271,33.14566,-2.5362,48.0154,45.4792,987,11.9605,0.0,0.0,0.0,Lillestrom,1.67941,0.0,0.0,0.0351,73933,7.3044,0.0,10.7351,26.0,2017-08-21 18:53,
SK ,4.0,7.0,9.0,1.09783,1.48453,1.51688,46.53881,26.9927,30.1686,57.1613,620,6.5059,0.1079,0.0,0.0,SK Brann,1.90358,0.1079,0.0,0.0,73931,9.2137,0.1079,14.2804,34.0,2017-08-21 18:53,
VAL,7.0,6.0,6.0,1.21181,1.59851,0.94668,30.717,-2.6831,39.0629,36.3798,2791,11.1473,0.0003,0.0,0.0,Valerenga,1.33338,0.0003,0.0,0.0496,73938,8.9583,0.0003,9.8944,24.0,2017-08-21 18:53,
AAL,8.0,6.0,6.0,1.49831,1.88501,1.20184,31.69884,-1.1758,43.2456,42.0698,3278,11.8705,0.0,0.0,0.0,Aalesund,1.58853,0.0,0.0,0.0689,73942,8.3684,0.0,9.7611,24.0,2017-08-21 18:53,
HAU,6.0,5.0,8.0,1.14886,1.53555,1.06402,34.78692,6.122,33.3757,39.4977,3327,9.3808,0.007,0.0,0.0,Haugesund,1.45072,0.007,0.0,0.0014,74293,7.8689,0.007,12.7503,29.0,2017-08-21 18:53,
STA,7.0,5.0,8.0,1.76188,2.14858,1.23347,28.13159,-8.2432,54.8651,46.6219,2554,11.5147,0.0004,0.0,0.0,Stabaek,1.62017,0.0004,0.0,0.0208,73940,7.2243,0.0004,11.261,29.0,2017-08-21 18:53,
KRI,9.0,7.0,4.0,1.69875,2.08545,0.94201,22.90035,-16.0561,53.8718,37.8157,6672,13.8949,0.0,0.0,0.0,Kristiansund BK,1.32871,0.0,0.0,0.5855,106703,9.2035,0.0,6.9016,19.0,2017-08-21 18:53,
VIK,11.0,6.0,3.0,1.53974,1.92644,0.97184,25.86798,-16.5378,51.2091,34.6713,510,15.5262,0.0,0.0,0.0,Viking FK,1.35854,0.0,0.0,0.8029,73932,8.4056,0.0,6.0682,15.0,2017-08-21 18:53,
ODDS,7.0,4.0,8.0,1.17516,1.56186,0.75698,26.59366,-8.4401,35.1038,26.6637,602,11.6018,0.0014,0.0,0.0,Odd BK,1.14367,0.0014,0.0,0.0182,73935,7.0137,0.0014,11.3845,28.0,2017-08-21 18:53,
TRO,9.0,6.0,4.0,1.6563,2.043,0.85258,21.56876,-20.3593,53.0848,32.7255,5270,14.5059,0.0,0.0,0.0,Tromso,1.23928,0.0,0.0,0.6538,73939,8.5956,0.0,6.8985,18.0,2017-08-21 18:53,
SOG,9.0,5.0,6.0,1.3766,1.7633,0.83339,25.20099,-9.6083,44.8621,35.2538,3049,13.5107,0.0,0.0,0.0,Sogndal,1.22009,0.0,0.0,0.1973,73962,7.5484,0.0,8.9409,23.0,2017-08-21 18:53,
RBK,3.0,5.0,12.0,0.97513,1.36183,1.65574,52.26007,32.0621,26.3123,58.3744,438,5.0948,0.8276,0.0,0.0,Rosenborg,2.04244,0.8276,0.0,0.0,73930,7.1519,0.8276,17.7533,41.0,2017-08-21 18:53,
STR,6.0,8.0,6.0,1.22717,1.61387,1.11628,34.56919,0.4833,38.843,39.3263,9811,9.404,0.0004,0.0,0.0,Stromsgodset,1.50298,0.0004,0.0,0.0194,73943,10.5101,0.0004,10.0859,26.0,2017-08-21 18:53,
MOL,7.0,4.0,9.0,1.17479,1.56149,1.33413,40.75698,13.217,36.1311,49.3481,2715,9.6405,0.0138,0.0,0.0,Molde,1.72083,0.0138,0.0,0.0002,74298,6.4551,0.0138,13.9044,31.0,2017-08-21 18:53,
SAN,9.0,3.0,8.0,1.48221,1.86891,0.97975,26.9419,-7.3653,46.3049,38.9396,3279,13.2966,0.0,0.0,0.0,Sandefjord,1.36645,0.0,0.0,0.0407,73941,5.4471,0.0,11.2563,27.0,2017-08-21 18:53,
SAR,3.0,7.0,9.0,1.13855,1.52525,1.16224,37.39166,15.05,31.8978,46.9478,5002,6.4552,0.0341,0.0,0.0,Sarpsborg,1.54894,0.0341,0.0,0.0,95002,9.7443,0.0341,13.8005,34.0,2017-08-14 18:55,
LIL,8.0,5.0,6.0,1.54465,1.93135,1.27026,32.4284,-3.4255,48.3213,44.8958,987,12.3064,0.0001,0.0,0.0,Lillestrom,1.65696,0.0001,0.0,0.0669,73933,7.5458,0.0001,10.1478,23.0,2017-08-14 18:55,
SK ,4.0,7.0,8.0,1.05327,1.43997,1.39682,44.73576,24.326,29.14,53.466,620,6.9131,0.0296,0.0,0.0,SK Brann,1.78352,0.0296,0.0,0.0001,73931,9.5621,0.0296,13.5248,31.0,2017-08-14 18:55,
VAL,6.0,6.0,6.0,1.19408,1.58078,0.95844,31.32859,-1.6708,38.3609,36.6901,2791,10.5107,0.0005,0.0,0.0,Valerenga,1.34514,0.0005,0.0,0.0359,73938,9.1975,0.0005,10.2918,24.0,2017-08-14 18:55,
AAL,7.0,6.0,6.0,1.40209,1.78879,1.18312,32.9461,0.6551,40.8732,41.5283,3278,11.0715,0.0001,0.0,0.0,Aalesund,1.56982,0.0001,0.0,0.0371,73942,8.6294,0.0001,10.2991,24.0,2017-08-14 18:55,
HAU,6.0,5.0,7.0,1.2251,1.6118,1.04839,32.96688,2.8695,36.1133,38.9828,3327,10.2921,0.0012,0.0,0.0,Haugesund,1.43509,0.0012,0.0,0.01,74293,8.0443,0.0012,11.6636,26.0,2017-08-14 18:55,
STA,7.0,5.0,7.0,1.75686,2.14356,1.13654,26.17715,-10.6072,54.8243,44.2171,2554,12.176,0.0,0.0,0.0,Stabaek,1.52324,0.0,0.0,0.0599,73940,7.4496,0.0,10.3744,26.0,2017-08-14 18:55,
KRI,8.0,7.0,4.0,1.6781,2.0648,1.00119,24.45604,-13.3452,52.8404,39.4952,6672,13.1371,0.0,0.0,0.0,Kristiansund BK,1.38789,0.0,0.0,0.4161,106703,9.4709,0.0,7.392,19.0,2017-08-14 18:55,
VIK,10.0,6.0,3.0,1.4375,1.8242,0.92022,26.27981,-14.4269,47.8103,33.3834,510,14.8598,0.0,0.0,0.0,Viking FK,1.30692,0.0,0.0,0.6958,73932,8.7333,0.0,6.4069,15.0,2017-08-14 18:55,
ODDS,7.0,4.0,7.0,1.22597,1.61267,0.77823,26.28112,-9.5382,36.7245,27.1863,602,11.9908,0.0001,0.0,0.0,Odd BK,1.16493,0.0001,0.0,0.0429,73935,7.2247,0.0001,10.7845,25.0,2017-08-14 18:55,
TRO,9.0,6.0,3.0,1.63699,2.02369,0.76854,20.01563,-21.92,52.2994,30.3794,5270,15.0192,0.0,0.0,0.0,Tromso,1.15524,0.0,0.0,0.7556,73939,8.8628,0.0,6.118,15.0,2017-08-14 18:55,
SOG,9.0,5.0,5.0,1.43728,1.82398,0.81714,23.89051,-11.8064,46.5586,34.7522,3049,13.9525,0.0,0.0,0.0,Sogndal,1.20384,0.0,0.0,0.334,73962,7.7336,0.0,8.3139,20.0,2017-08-14 18:55,
RBK,2.0,5.0,12.0,0.96321,1.34991,1.77214,54.99736,35.178,25.9737,61.1517,438,4.0983,0.9122,0.0,0.0,Rosenborg,2.15884,0.9122,0.0,0.0,73930,7.2926,0.9122,18.6091,41.0,2017-08-14 18:55,
STR,6.0,7.0,6.0,1.30374,1.69043,1.17761,34.59746,-0.1875,40.9805,40.793,9811,9.9768,0.0,0.0,0.0,Stromsgodset,1.56431,0.0,0.0,0.0194,73943,9.6963,0.0,10.3269,25.0,2017-08-14 18:55,
MOL,6.0,4.0,9.0,1.09777,1.48447,1.3292,42.21635,15.4572,33.8187,49.2759,2715,8.7278,0.0219,0.0,0.0,Molde,1.7159,0.0219,0.0,0.0001,74298,6.7036,0.0219,14.5686,31.0,2017-08-14 18:55,
SAN,8.0,3.0,8.0,1.50772,1.89442,1.03619,27.81701,-6.6081,46.9232,40.3151,3279,12.7219,0.0002,0.0,0.0,Sandefjord,1.42289,0.0002,0.0,0.0301,73941,5.6908,0.0002,11.5873,27.0,2017-08-14 18:55,
,3.0,6.0,9.0,1.09856,1.48625,1.14166,37.66679,15.59412,30.78772,46.38184,5002,6.6969,0.07544,0.0,,Sarpsborg,1.52935,0.07544,0.0,2e-05,95002,9.00542,0.07544,14.29768,33.0,2017-08-10 14:10,
,7.0,5.0,6.0,1.48559,1.87327,1.28753,33.81511,-1.0579,46.5449,45.487,987,11.6275,0.00034,0.0,,Lillestrom,1.67521,0.00034,0.0,0.04464,73933,7.79224,0.00034,10.58026,23.0,2017-08-10 14:10,
,4.0,7.0,7.0,1.09276,1.48045,1.38047,43.50141,22.68084,30.34522,53.02606,620,7.19714,0.03026,0.0,,SK Brann,1.76815,0.03026,0.0,0.00036,73931,9.80004,0.03026,13.00282,28.0,2017-08-10 14:10,
,6.0,5.0,6.0,1.24082,1.6285,1.0416,32.49545,-0.30752,39.78882,39.4813,2791,10.66174,0.00156,0.0,,Valerenga,1.42929,0.00156,0.0,0.02606,73938,8.31214,0.00156,11.02612,23.0,2017-08-10 14:10,
,7.0,5.0,6.0,1.40651,1.79419,1.2248,33.80304,2.02052,40.93338,42.9539,3278,11.1698,0.00054,0.0,,Aalesund,1.61249,0.00054,0.0,0.02982,73942,7.81962,0.00054,11.01058,23.0,2017-08-10 14:10,
,6.0,4.0,7.0,1.17612,1.5638,1.04613,33.80802,4.43256,34.63392,39.06648,3327,10.34014,0.00578,0.0,,Haugesund,1.43382,0.00578,0.0,0.00744,74293,7.25792,0.00578,12.40194,25.0,2017-08-10 14:10,
,7.0,4.0,7.0,1.75539,2.14307,1.07834,24.96469,-12.17328,54.83088,42.6576,2554,12.9206,0.0002,0.0,,Stabaek,1.46603,0.0002,0.0,0.08502,73940,6.6424,0.0002,10.437,25.0,2017-08-10 14:10,
,8.0,6.0,4.0,1.6573,2.04498,0.95431,23.73188,-13.88182,52.16732,38.2855,6672,13.63272,0.0,0.0,,Kristiansund BK,1.34199,0.0,0.0,0.41764,106703,8.7412,0.0,7.62608,18.0,2017-08-10 14:10,
,10.0,5.0,3.0,1.4775,1.86519,0.92344,25.71391,-15.43582,48.99968,33.56386,510,15.48832,0.0,0.0,,Viking FK,1.31112,0.0,0.0,0.69922,73932,7.91098,0.0,6.6007,14.0,2017-08-10 14:10,
ODDS,6.0,4.0,7.0,1.21428,1.60196,0.81948,27.49313,-7.8909,36.2937,28.4028,602,11.46848,0.001,0.0,,Odd BK,1.20717,0.001,0.0,0.03146,73935,7.4201,0.001,11.11142,25.0,2017-08-10 14:10,
,9.0,5.0,3.0,1.73411,2.12179,0.81326,19.71005,-23.72754,55.31578,31.58824,5270,15.8303,0.0,0.0,,Tromso,1.20094,0.0,0.0,0.78506,73939,7.98998,0.0,6.17972,14.0,2017-08-10 14:10,
,8.0,5.0,5.0,1.41704,1.80472,0.81971,24.24074,-10.96952,45.82456,34.85504,3049,13.36912,0.0,0.0,,Sogndal,1.20739,0.0,0.0,0.2538,73962,8.00644,0.0,8.62444,20.0,2017-08-10 14:10,
RBK,2.0,5.0,11.0,0.98195,1.36963,1.73727,53.83248,33.77398,26.63928,60.41326,438,4.54326,0.79874,0.0,,Rosenborg,2.12496,0.79874,0.0,0.0,73930,7.55508,0.79874,17.90166,38.0,2017-08-10 14:10,
,6.0,7.0,5.0,1.31906,1.70674,1.11701,32.87577,-2.41838,41.4904,39.07202,9811,10.40928,0.00022,0.0,,Stromsgodset,1.50469,0.00022,0.0,0.05736,73943,9.95354,0.00022,9.63718,22.0,2017-08-10 14:10,
,5.0,4.0,9.0,1.07717,1.46486,1.35629,43.26274,16.96152,33.03046,49.99198,2715,8.03302,0.0858,0.0,,Molde,1.74398,0.0858,0.0,4e-05,74298,6.89202,0.0858,15.07496,31.0,2017-08-10 14:10,
,8.0,3.0,7.0,1.51189,1.89957,1.01511,27.25907,-7.60086,47.25846,39.6576,3279,13.10442,0.00012,0.0,,Sandefjord,1.40279,0.00012,0.0,0.06174,73941,5.9154,0.00012,10.98018,24.0,2017-08-10 14:10,
