code,current_losses,current_ties,current_wins,d_rating,goal_diff,goals_against,goals_scored,group,id,losses,make_champs,make_europa,name,o_rating,position_1,relegated,sdr_id,ties,win_league,wins,last_updated
MGB,13.0,9.0,12.0,1.11956,-4.0,49.0,45.0,,268,13.0,0.0,0.0,Borussia Monchengladbach,1.71094,0.0,0.0,74048,9.0,0.0,12.0,2017-05-20 15:33
WLF,17.0,7.0,10.0,1.11053,-18.0,52.0,34.0,,138,17.0,0.0,0.0,VfL Wolfsburg,1.57389,0.0,0.49008,74046,7.0,0.0,10.0,2017-05-20 15:33
DOR,6.0,10.0,18.0,0.92743,32.0,40.0,72.0,,124,6.0,1.0,0.0,Borussia Dortmund,2.50974,0.0,0.0,74050,10.0,0.0,18.0,2017-05-20 15:33
AUG,14.0,11.0,9.0,1.21964,-16.0,51.0,35.0,,3841,14.0,0.0,0.0,FC Augsburg,1.30009,0.0,0.0,74082,11.0,0.0,9.0,2017-05-20 15:33
COL,9.0,13.0,12.0,1.14176,9.0,42.0,51.0,,122,9.0,0.0,1.0,FC Cologne,1.51835,0.0,0.0,74049,13.0,0.0,12.0,2017-05-20 15:33
LEV,15.0,8.0,11.0,1.21099,-2.0,55.0,53.0,,131,15.0,0.0,0.0,Bayer Leverkusen,1.96899,0.0,0.0,74045,8.0,0.0,11.0,2017-05-20 15:33
HOF,4.0,14.0,16.0,1.00869,27.0,37.0,64.0,,7911,4.0,1.0,0.0,TSG Hoffenheim,1.90018,0.0,0.0,84341,14.0,0.0,16.0,2017-05-20 15:33
SCH,13.0,10.0,11.0,1.10214,5.0,40.0,45.0,,133,13.0,0.0,0.0,Schalke 04,1.61287,0.0,0.0,74039,10.0,0.0,11.0,2017-05-20 15:33
RBL,7.0,7.0,20.0,1.02638,27.0,39.0,66.0,,11420,7.0,1.0,0.0,RB Leipzig,1.96617,0.0,0.0,91099,7.0,0.0,20.0,2017-05-20 15:33
HER,15.0,4.0,15.0,1.16124,-4.0,47.0,43.0,,129,15.0,0.0,1.0,Hertha Berlin,1.41701,0.0,0.0,74051,4.0,0.0,15.0,2017-05-20 15:33
FRA,14.0,9.0,11.0,1.06113,-7.0,43.0,36.0,,125,14.0,0.0,0.0,Eintracht Frankfurt,1.36221,0.0,0.0,74052,9.0,0.0,11.0,2017-05-20 15:33
HSV,16.0,8.0,10.0,1.26443,-28.0,61.0,33.0,,127,16.0,0.0,0.0,Hamburg SV,1.31057,0.0,0.0,78530,8.0,0.0,10.0,2017-05-20 15:33
FRE,14.0,6.0,14.0,1.32571,-18.0,60.0,42.0,,126,14.0,0.0,1.0,SC Freiburg,1.49644,0.0,0.0,74053,6.0,0.0,14.0,2017-05-20 15:33
MNZ,17.0,7.0,10.0,1.12828,-11.0,55.0,44.0,,2950,17.0,0.0,0.0,Mainz,1.55133,0.0,0.0,74062,7.0,0.0,10.0,2017-05-20 15:33
ING,18.0,8.0,8.0,1.21094,-21.0,57.0,36.0,,6367,18.0,0.0,0.0,FC Ingolstadt 04,1.51122,0.0,1.0,79434,8.0,0.0,8.0,2017-05-20 15:33
BRE,15.0,6.0,13.0,1.4125,-3.0,64.0,61.0,,137,15.0,0.0,0.0,Werder Bremen,2.04443,0.0,0.0,74042,6.0,0.0,13.0,2017-05-20 15:33
BMU,2.0,7.0,25.0,0.71137,67.0,22.0,89.0,,132,2.0,1.0,0.0,Bayern Munich,3.09294,1.0,0.0,74078,7.0,1.0,25.0,2017-05-20 15:33
DRM,23.0,4.0,7.0,1.49783,-35.0,63.0,28.0,,3812,23.0,0.0,0.0,SV Darmstadt 98,1.24841,0.0,1.0,74070,4.0,0.0,7.0,2017-05-20 15:33
MGB,13.0,8.0,12.0,1.08232,-2.56204,47.68232,45.12028,,268,13.10366,0.0,0.20504,Borussia Monchengladbach,1.69861,0.0,0.0,74048,8.19454,0.0,12.7018,2017-05-13 15:57
WLF,16.0,7.0,10.0,1.10612,-16.95066,51.2853,34.33464,,138,16.3509,0.0,0.0,VfL Wolfsburg,1.57651,0.0,0.13648,74046,7.27556,0.0,10.37354,2017-05-13 15:57
DOR,6.0,10.0,17.0,0.87869,33.01064,37.83374,70.84438,,124,6.07668,1.0,0.0,Borussia Dortmund,2.44073,0.0,0.0,74050,10.13674,0.0,17.78658,2017-05-13 15:57
AUG,14.0,10.0,9.0,1.27282,-17.47446,53.19038,35.71592,,3841,14.70712,0.0,0.0,FC Augsburg,1.33093,0.0,0.03356,74082,10.18992,0.0,9.10296,2017-05-13 15:57
COL,9.0,13.0,11.0,1.19052,7.21728,43.26322,50.4805,,122,9.31552,0.0,0.75016,FC Cologne,1.51827,0.0,0.0,74049,13.26682,0.0,11.41766,2017-05-13 15:57
LEV,15.0,8.0,10.0,1.15959,-6.14448,54.38034,48.23586,,131,15.39766,0.0,0.0,Bayer Leverkusen,1.78655,0.0,0.0,74045,8.27296,0.0,10.32938,2017-05-13 15:57
HOF,4.0,13.0,16.0,1.03467,28.47446,37.71592,66.19038,,7911,4.10296,1.0,0.0,TSG Hoffenheim,1.97384,0.0,0.0,84341,13.18992,0.0,16.70712,2017-05-13 15:57
SCH,13.0,9.0,11.0,1.09324,4.92564,40.41572,45.34136,,133,13.38032,0.0,0.0,Schalke 04,1.63037,0.0,0.0,74039,9.2702,0.0,11.34948,2017-05-13 15:57
RBL,7.0,6.0,20.0,0.99284,27.2286,38.17144,65.40004,,11420,7.30718,1.0,0.0,RB Leipzig,1.95135,0.0,0.0,91099,6.27864,0.0,20.41418,2017-05-13 15:57
HER,14.0,4.0,15.0,1.03736,0.14448,42.23586,42.38034,,129,14.32938,0.0,1.0,Hertha Berlin,1.35959,0.0,0.0,74051,4.27296,0.0,15.39766,2017-05-13 15:57
FRA,14.0,8.0,11.0,1.05165,-7.2286,42.40004,35.17144,,125,14.41418,0.0,0.0,Eintracht Frankfurt,1.32151,0.0,0.0,74052,8.27864,0.0,11.30718,2017-05-13 15:57
HSV,16.0,8.0,9.0,1.26667,-29.04934,61.33464,32.2853,,127,16.37354,0.0,0.0,Hamburg SV,1.30564,0.0,0.3204,78530,8.27556,0.0,9.3509,2017-05-13 15:57
FRE,13.0,6.0,14.0,1.30501,-18.36766,59.67076,41.3031,,126,13.94764,0.0,0.96974,SC Freiburg,1.43739,0.0,0.0,74053,6.04254,0.0,14.00982,2017-05-13 15:57
MNZ,16.0,7.0,10.0,1.12822,-9.21728,54.4805,45.26322,,2950,16.41766,0.0,0.0,Mainz,1.61191,0.0,0.0,74062,7.26682,0.0,10.31552,2017-05-13 15:57
ING,18.0,7.0,8.0,1.22518,-20.92564,57.34136,36.41572,,6367,18.34948,0.0,0.0,FC Ingolstadt 04,1.50011,0.0,1.0,79434,7.2702,0.0,8.38032,2017-05-13 15:57
BRE,14.0,6.0,13.0,1.36826,-4.01064,62.84438,58.83374,,137,14.78658,0.0,0.07506,Werder Bremen,1.95878,0.0,0.0,74042,6.13674,0.0,13.07668,2017-05-13 15:57
BMU,2.0,7.0,24.0,0.67501,67.36766,21.3031,88.67076,,132,2.00982,1.0,0.0,Bayern Munich,3.05273,1.0,0.0,74078,7.04254,1.0,24.94764,2017-05-13 15:57
DRM,23.0,3.0,7.0,1.48666,-36.43796,63.12028,26.68232,,3812,23.7018,0.0,0.0,SV Darmstadt 98,1.20829,0.0,1.0,74070,3.19454,0.0,7.10366,2017-05-13 15:57
MGB,13.0,7.0,12.0,1.09541,-2.91898,48.24804,45.32906,,268,13.54632,0.0,0.31816,Borussia Monchengladbach,1.70048,0.0,0.0,74048,7.46792,0.0,12.98576,2017-05-07 17:21
WLF,16.0,6.0,10.0,1.1075,-16.60444,51.49396,34.88952,,138,16.63834,0.0,0.0,VfL Wolfsburg,1.59357,0.0,0.04384,74046,6.54098,0.0,10.82068,2017-05-07 17:21
DOR,6.0,9.0,17.0,0.881,33.98786,37.94166,71.92952,,124,6.26568,1.0,0.0,Borussia Dortmund,2.47375,0.0,0.0,74050,9.3501,0.0,18.38422,2017-05-07 17:21
AUG,14.0,9.0,9.0,1.29294,-18.46026,54.28304,35.82278,,3841,15.30318,0.0,0.0,FC Augsburg,1.33398,0.0,0.07934,74082,9.40556,0.0,9.29126,2017-05-07 17:21
COL,9.0,12.0,11.0,1.15213,6.6701,42.86092,49.53102,,122,9.8083,0.0,0.63656,FC Cologne,1.50519,0.0,0.0,74049,12.52294,0.0,11.66876,2017-05-07 17:21
LEV,15.0,7.0,10.0,1.14877,-5.4866,53.43768,47.95108,,131,15.625,0.0,0.0,Bayer Leverkusen,1.735,0.0,0.00038,74045,7.5263,0.0,10.8487,2017-05-07 17:21
HOF,4.0,13.0,15.0,1.00537,26.51048,36.30444,62.81492,,7911,4.46962,1.0,0.0,TSG Hoffenheim,1.90094,0.0,0.0,84341,13.43444,0.0,16.09594,2017-05-07 17:21
SCH,13.0,8.0,11.0,1.06145,6.14746,40.12502,46.27248,,133,13.4991,0.0,0.11068,Schalke 04,1.66712,0.0,0.0,74039,8.49974,0.0,12.00116,2017-05-07 17:21
RBL,6.0,6.0,20.0,0.93513,27.21434,34.9889,62.20324,,11420,6.90154,1.0,0.0,RB Leipzig,1.80454,0.0,0.0,91099,6.5334,0.0,20.56506,2017-05-07 17:21
HER,14.0,4.0,14.0,1.07282,-1.81994,43.44274,41.6228,,129,14.6762,0.0,0.768,Hertha Berlin,1.33638,0.0,0.0,74051,4.5611,0.0,14.7627,2017-05-07 17:21
FRA,13.0,8.0,11.0,0.97831,-5.52114,39.51558,33.99444,,125,13.83312,0.0,0.02432,Eintracht Frankfurt,1.2812,0.0,0.0,74052,8.5892,0.0,11.57768,2017-05-07 17:21
HSV,16.0,7.0,9.0,1.29728,-30.24418,62.26034,32.01616,,127,17.022,0.0,0.0,Hamburg SV,1.26974,0.0,0.34458,78530,7.50652,0.0,9.47148,2017-05-07 17:21
FRE,13.0,5.0,14.0,1.28755,-17.87474,59.73354,41.8588,,126,14.23196,0.0,0.77266,SC Freiburg,1.45895,0.0,0.0,74053,5.3151,0.0,14.45294,2017-05-07 17:21
MNZ,16.0,7.0,9.0,1.09208,-10.85864,53.3376,42.47896,,2950,16.67712,0.0,0.0,Mainz,1.51288,0.0,0.11452,74062,7.56698,0.0,9.7559,2017-05-07 17:21
ING,18.0,6.0,8.0,1.24443,-21.35158,57.94992,36.59834,,6367,18.81192,0.0,0.0,FC Ingolstadt 04,1.48081,0.0,0.90388,79434,6.53136,0.0,8.65672,2017-05-07 17:21
BRE,13.0,6.0,13.0,1.31287,-2.03808,59.4614,57.42332,,137,14.17698,0.0,0.36962,Werder Bremen,1.91236,0.0,0.0,74042,6.37898,0.0,13.44404,2017-05-07 17:21
BMU,2.0,7.0,23.0,0.60318,67.0685,18.32118,85.38968,,132,2.20464,1.0,0.0,Bayern Munich,2.91786,1.0,0.0,74078,7.2893,1.0,24.50606,2017-05-07 17:21
DRM,22.0,3.0,7.0,1.4619,-34.42016,62.3648,27.94464,,3812,23.0561,0.0,0.0,SV Darmstadt 98,1.24757,0.0,1.0,74070,3.48584,0.0,7.45806,2017-05-07 17:21
MGB,13.0,6.0,12.0,1.08827,-1.49206,47.97346,46.4814,,268,13.64182,0.0,0.5258,Borussia Monchengladbach,1.72846,0.0,0.0,74048,6.67106,0.0,13.68712,2017-04-30 17:23
WLF,16.0,6.0,9.0,1.15439,-19.31572,53.0613,33.74558,,138,17.16264,0.0,0.0,VfL Wolfsburg,1.55125,0.0,0.18098,74046,6.82816,0.0,10.0092,2017-04-30 17:23
DOR,6.0,9.0,16.0,0.89022,34.19996,37.89416,72.09412,,124,6.41126,1.0,0.0,Borussia Dortmund,2.48835,0.0,0.0,74050,9.5568,0.0,18.03194,2017-04-30 17:23
AUG,14.0,8.0,9.0,1.31584,-19.68976,55.33848,35.64872,,3841,15.96064,0.0,0.0,FC Augsburg,1.3258,0.0,0.11802,74082,8.6129,0.0,9.42646,2017-04-30 17:23
COL,9.0,12.0,10.0,1.10659,5.83172,41.17004,47.00176,,122,10.13928,0.0,0.29878,FC Cologne,1.42697,0.0,0.0,74049,12.79142,0.0,11.0693,2017-04-30 17:23
LEV,15.0,6.0,10.0,1.17269,-5.60794,53.95472,48.34678,,131,16.01918,0.0,6.000000000000001e-05,Bayer Leverkusen,1.75728,0.0,0.0019,74045,6.7874,0.0,11.19342,2017-04-30 17:23
HOF,3.0,13.0,15.0,1.01287,26.28874,36.46384,62.75258,,7911,4.12244,1.0,0.0,TSG Hoffenheim,1.91674,0.0,0.0,84341,13.63522,0.0,16.24234,2017-04-30 17:23
SCH,12.0,8.0,11.0,1.03035,8.62974,39.354,47.98374,,133,12.77348,0.0,0.35222,Schalke 04,1.7232,0.0,0.0,74039,8.74218,0.0,12.48434,2017-04-30 17:23
RBL,6.0,6.0,19.0,0.95563,23.93954,35.28646,59.226,,11420,7.3205,1.0,0.0,RB Leipzig,1.71893,0.0,0.0,91099,6.82266,0.0,19.85684,2017-04-30 17:23
HER,13.0,4.0,14.0,1.01384,1.40796,40.48156,41.88952,,129,13.97774,0.0,0.87328,Hertha Berlin,1.36242,0.0,0.0,74051,4.85228,0.0,15.16998,2017-04-30 17:23
FRA,12.0,8.0,11.0,0.94815,-2.7562,38.29906,35.54286,,125,12.99972,0.0,0.1435,Eintracht Frankfurt,1.33301,0.0,0.0,74052,8.88116,0.0,12.11912,2017-04-30 17:23
HSV,16.0,6.0,9.0,1.32845,-30.31806,63.72606,33.408,,127,17.4052,0.0,0.0,Hamburg SV,1.31758,0.0,0.29878,78530,6.7565,0.0,9.8383,2017-04-30 17:23
FRE,13.0,5.0,13.0,1.33403,-20.41664,61.5276,41.11096,,126,14.69492,0.0,0.2575,SC Freiburg,1.42017,0.0,0.0,74053,5.56862,0.0,13.73646,2017-04-30 17:23
MNZ,16.0,6.0,9.0,1.13524,-10.96108,54.75364,43.79256,,2950,17.06746,0.0,0.0,Mainz,1.54769,0.0,0.11852,74062,6.8397,0.0,10.09284,2017-04-30 17:23
ING,18.0,5.0,8.0,1.26192,-21.33868,58.48146,37.14278,,6367,19.18482,0.0,0.0,FC Ingolstadt 04,1.50941,0.0,0.76926,79434,5.78216,0.0,9.03302,2017-04-30 17:23
BRE,12.0,6.0,13.0,1.24198,-1.0919,56.79886,55.70696,,137,13.55698,0.0,0.54886,Werder Bremen,1.84645,0.0,0.0,74042,6.65696,0.0,13.78606,2017-04-30 17:23
BMU,2.0,7.0,22.0,0.59548,70.01528,18.60332,88.6186,,132,2.19576,1.0,0.0,Bayern Munich,2.98047,1.0,0.0,74078,7.30104,1.0,24.5032,2017-04-30 17:23
DRM,21.0,3.0,7.0,1.49821,-37.3249,65.47834,28.15344,,3812,23.07438,0.0,0.0,SV Darmstadt 98,1.23555,0.0,1.0,74070,3.49734,0.0,7.42828,2017-04-30 17:23
MGB,13.0,6.0,11.0,1.09343,-2.65856,48.3933,45.73474,,268,14.05756,0.0,0.30102,Borussia Monchengladbach,1.71579,0.0,2e-05,74048,6.92982,0.0,13.01262,2017-04-23 17:21
WLF,15.0,6.0,9.0,1.10832,-14.2088,49.08398,34.87518,,138,16.73722,0.0,0.00018,VfL Wolfsburg,1.6062,0.0,0.08964,74046,7.02952,0.0,10.23326,2017-04-23 17:21
DOR,6.0,8.0,16.0,0.91895,36.52192,38.48724,75.00916,,124,6.44738,0.99998,2e-05,Borussia Dortmund,2.54146,0.0,0.0,74050,8.6571,0.0,18.89552,2017-04-23 17:21
AUG,14.0,8.0,8.0,1.35418,-23.78438,56.74888,32.9645,,3841,16.33566,0.0,0.0,FC Augsburg,1.26174,0.0,0.39742,74082,8.86428,0.0,8.80006,2017-04-23 17:21
COL,9.0,11.0,10.0,1.13552,3.53952,43.96266,47.50218,,122,11.01224,0.0,0.2415,FC Cologne,1.46642,0.0,0.0,74049,11.91312,0.0,11.07464,2017-04-23 17:21
LEV,14.0,6.0,10.0,1.08576,-1.71058,50.8362,49.12562,,131,15.19522,0.0,0.0552,Bayer Leverkusen,1.77851,0.0,0.00104,74045,7.04142,0.0,11.76336,2017-04-23 17:21
HOF,3.0,13.0,14.0,1.05367,26.11742,37.50432,63.62174,,7911,4.319,0.99828,0.00172,TSG Hoffenheim,1.95685,0.0,0.0,84341,13.86382,0.0,15.81718,2017-04-23 17:21
SCH,12.0,8.0,10.0,1.04488,4.51392,40.14124,44.65516,,133,13.37022,0.0,0.1435,Schalke 04,1.60845,0.0,0.00014,74039,9.03722,0.0,11.59256,2017-04-23 17:21
RBL,6.0,5.0,19.0,0.98889,25.07492,36.29688,61.3718,,11420,7.4736,1.0,0.0,RB Leipzig,1.77568,6.000000000000001e-05,0.0,91099,6.02504,6.000000000000001e-05,20.50136,2017-04-23 17:21
HER,12.0,4.0,14.0,1.01166,2.94256,40.13364,43.0762,,129,13.4579,0.00174,0.93104,Hertha Berlin,1.39589,0.0,0.0,74051,5.10256,0.0,15.43954,2017-04-23 17:21
FRA,11.0,8.0,11.0,0.97249,-2.67352,39.16936,36.49584,,125,12.5941,0.0,0.2945,Eintracht Frankfurt,1.38218,0.0,0.0,74052,9.11342,0.0,12.29248,2017-04-23 17:21
HSV,15.0,6.0,9.0,1.2643,-26.16164,60.8444,34.68276,,127,16.73262,0.0,2e-05,Hamburg SV,1.35595,0.0,0.17008,78530,7.0659,0.0,10.20148,2017-04-23 17:21
FRE,12.0,5.0,13.0,1.27873,-16.74432,59.4309,42.68658,,126,13.94914,0.0,0.62422,SC Freiburg,1.46737,0.0,0.0,74053,5.8506,0.0,14.20026,2017-04-23 17:21
MNZ,15.0,6.0,9.0,1.12587,-9.76902,54.06778,44.29876,,2950,16.38946,0.0,0.00126,Mainz,1.5543,0.0,0.05004,74062,7.10042,0.0,10.51012,2017-04-23 17:21
ING,18.0,4.0,8.0,1.30722,-22.56404,60.55184,37.9878,,6367,19.83764,0.0,0.0,FC Ingolstadt 04,1.55493,0.0,0.78386,79434,4.99994,0.0,9.16242,2017-04-23 17:21
BRE,12.0,6.0,12.0,1.27334,-2.7161,58.13746,55.42136,,137,13.83488,0.0,0.40582,Werder Bremen,1.84311,0.0,0.0,74042,6.89856,0.0,13.26656,2017-04-23 17:21
BMU,2.0,7.0,21.0,0.62541,64.82514,19.65892,84.48406,,132,2.37242,1.0,0.0,Bayern Munich,2.88497,0.99994,0.0,74078,7.51704,0.99994,24.11054,2017-04-23 17:21
DRM,21.0,3.0,6.0,1.54729,-40.54444,66.95064,26.4062,,3812,23.4963,0.0,0.0,SV Darmstadt 98,1.18315,0.0,1.0,74070,3.7651,0.0,6.7386,2017-04-23 17:21
MGB,12.0,6.0,11.0,1.07749,-2.04494,47.09348,45.04854,,268,13.50766,0.0,0.51104,Borussia Monchengladbach,1.71017,0.0,4e-05,74048,7.18218,0.0,13.31016,2017-04-19 20:48
WLF,14.0,6.0,9.0,1.10643,-13.46556,49.4114,35.94584,,138,16.15574,0.0,0.0058,VfL Wolfsburg,1.63952,0.0,0.0978,74046,7.31854,0.0,10.52572,2017-04-19 20:48
DOR,6.0,8.0,15.0,0.91531,36.0038,37.75968,73.76348,,124,6.7206,0.99978,0.00022,Borussia Dortmund,2.51146,0.0,0.0,74050,8.9091,0.0,18.3703,2017-04-19 20:48
AUG,13.0,8.0,8.0,1.29986,-22.50454,55.07552,32.57098,,3841,15.87954,0.0,0.00024,FC Augsburg,1.24731,0.0,0.42094,74082,9.14804,0.0,8.97242,2017-04-19 20:48
COL,9.0,10.0,10.0,1.14906,3.54974,44.37396,47.9237,,122,11.3852,8e-05,0.34086,FC Cologne,1.48175,0.0,0.0,74049,11.15626,0.0,11.45854,2017-04-19 20:48
LEV,13.0,6.0,10.0,1.08026,-0.41998,50.18058,49.7606,,131,14.50682,0.0,0.21068,Bayer Leverkusen,1.80223,0.0,0.00204,74045,7.2857,0.0,12.20748,2017-04-19 20:48
HOF,3.0,12.0,14.0,1.06586,26.31978,37.80124,64.12102,,7911,4.63494,0.99882,0.00118,TSG Hoffenheim,1.97699,0.0,0.0,84341,13.12466,0.0,16.2404,2017-04-19 20:48
SCH,12.0,7.0,10.0,1.05605,4.5657,40.49654,45.06224,,133,13.72036,0.0,0.23588,Schalke 04,1.63573,0.0,0.00134,74039,8.30394,0.0,11.9757,2017-04-19 20:48
RBL,6.0,4.0,19.0,1.00834,24.80572,36.79042,61.59614,,11420,7.89708,1.0,0.0,RB Leipzig,1.79197,0.0001,0.0,91099,5.28966,0.0001,20.81326,2017-04-19 20:48
HER,12.0,4.0,13.0,1.03578,2.11422,41.31632,43.43054,,129,13.777,0.0013,0.82288,Hertha Berlin,1.39367,0.0,0.0,74051,5.37878,0.0,14.84422,2017-04-19 20:48
FRA,11.0,8.0,10.0,0.96037,-3.8091,38.76484,34.95574,,125,12.74636,0.0,0.23266,Eintracht Frankfurt,1.32706,0.0,0.00058,74052,9.39962,0.0,11.85402,2017-04-19 20:48
HSV,14.0,6.0,9.0,1.2178,-23.85066,59.38286,35.5322,,127,15.80556,0.0,0.00846,Hamburg SV,1.37069,0.0,0.10164,78530,7.3237,0.0,10.87074,2017-04-19 20:48
FRE,12.0,5.0,12.0,1.29735,-18.1453,60.1316,41.9863,,126,14.39062,0.0,0.38952,SC Freiburg,1.46058,0.0,2e-05,74053,6.10058,0.0,13.5088,2017-04-19 20:48
MNZ,15.0,5.0,9.0,1.14566,-13.38596,55.4433,42.05734,,2950,17.4614,0.0,0.00056,Mainz,1.43436,0.0,0.20056,74062,6.18986,0.0,10.34874,2017-04-19 20:48
ING,17.0,4.0,8.0,1.2555,-20.2657,57.87014,37.60444,,6367,19.14698,0.0,2e-05,FC Ingolstadt 04,1.53273,0.0,0.66448,79434,5.25794,0.0,9.59508,2017-04-19 20:48
BRE,12.0,6.0,11.0,1.25411,-4.93646,57.69802,52.76156,,137,14.2611,2e-05,0.24,Werder Bremen,1.77644,0.0,8e-05,74042,7.15242,0.0,12.58648,2017-04-19 20:48
BMU,2.0,6.0,21.0,0.55847,68.07384,17.8744,85.94824,,132,2.35782,1.0,0.0,Bayern Munich,2.92555,0.9999,0.0,74078,6.5735,0.9999,25.06868,2017-04-19 20:48
DRM,21.0,3.0,5.0,1.5635,-42.6046,67.7836,25.179,,3812,24.09734,0.0,0.0,SV Darmstadt 98,1.13872,0.0,1.0,74070,4.00128,0.0,5.90138,2017-04-19 20:48
MGB,11.0,6.0,11.0,1.01576,-0.63758,43.37454,42.73696,,268,12.99026,0.00408,0.5225,Borussia Monchengladbach,1.62799,0.0,0.0,74048,7.4607,0.0,13.54904,2017-04-12 20:42
WLF,14.0,6.0,8.0,1.14869,-16.39244,50.83072,34.43828,,138,16.50956,0.0,0.0015,VfL Wolfsburg,1.6085,0.0,0.19134,74046,7.57036,0.0,9.92008,2017-04-12 20:42
DOR,6.0,8.0,14.0,0.88353,35.85706,36.87542,72.73248,,124,6.7552,0.99572,0.00428,Borussia Dortmund,2.5001,0.0,0.0,74050,9.08656,0.0,18.15824,2017-04-12 20:42
AUG,13.0,8.0,7.0,1.30354,-23.55204,55.20112,31.64908,,3841,16.25576,0.0,4e-05,FC Augsburg,1.23183,0.0,0.55414,74082,9.44528,0.0,8.29896,2017-04-12 20:42
COL,8.0,10.0,10.0,1.13443,4.6901,43.50222,48.19232,,122,10.70622,0.00198,0.41994,FC Cologne,1.48579,0.0,2e-05,74049,11.43844,0.0,11.85534,2017-04-12 20:42
LEV,13.0,5.0,10.0,1.11362,-1.74404,52.65132,50.90728,,131,15.18602,6.000000000000001e-05,0.13648,Bayer Leverkusen,1.85659,0.0,0.00248,74045,6.47088,0.0,12.3431,2017-04-12 20:42
HOF,3.0,12.0,13.0,1.00713,24.90398,35.43344,60.33742,,7911,4.85196,0.97226,0.02774,TSG Hoffenheim,1.88108,0.0,0.0,84341,13.41328,0.0,15.73476,2017-04-12 20:42
SCH,11.0,7.0,10.0,1.01814,6.218,39.42176,45.63976,,133,12.9373,0.00052,0.34462,Schalke 04,1.62425,0.0,0.00022,74039,8.577,0.0,12.4857,2017-04-12 20:42
RBL,6.0,4.0,18.0,1.03245,21.3409,37.91076,59.25166,,11420,8.16024,0.99954,0.00046,RB Leipzig,1.75826,2e-05,0.0,91099,5.53258,2e-05,20.30718,2017-04-12 20:42
HER,11.0,4.0,13.0,1.02675,3.4024,41.46684,44.86924,,129,13.06838,0.02472,0.82508,Hertha Berlin,1.43568,0.0,0.0,74051,5.66752,0.0,15.2641,2017-04-12 20:42
FRA,10.0,8.0,10.0,0.94575,-3.33846,37.75,34.41154,,125,12.4568,0.00034,0.20166,Eintracht Frankfurt,1.30609,0.0,0.00038,74052,9.5974,0.0,11.9458,2017-04-12 20:42
HSV,13.0,6.0,9.0,1.21852,-23.37348,59.15086,35.77738,,127,15.30294,0.0,0.01902,Hamburg SV,1.39244,0.0,0.0469,78530,7.5431,0.0,11.15396,2017-04-12 20:42
FRE,11.0,5.0,12.0,1.27076,-15.05074,57.97728,42.92654,,126,13.97748,0.00076,0.38698,SC Freiburg,1.4917,0.0,0.0,74053,6.32902,0.0,13.6935,2017-04-12 20:42
MNZ,15.0,5.0,8.0,1.1823,-14.52662,56.78162,42.255,,2950,17.8352,0.0,0.0001,Mainz,1.42305,0.0,0.3076,74062,6.46778,0.0,9.69702,2017-04-12 20:42
ING,16.0,4.0,8.0,1.22993,-17.40666,56.40632,38.99966,,6367,18.54344,0.0,0.0002,FC Ingolstadt 04,1.58589,0.0,0.38176,79434,5.52572,0.0,9.93084,2017-04-12 20:42
BRE,12.0,6.0,10.0,1.27454,-5.55514,57.91296,52.35782,,137,14.55136,2e-05,0.1094,Werder Bremen,1.7774,0.0,0.0025,74042,7.38326,0.0,12.06538,2017-04-12 20:42
BMU,2.0,5.0,21.0,0.54693,69.51226,18.91692,88.42918,,132,2.5069,1.0,0.0,Bayern Munich,2.97044,0.99998,0.0,74078,5.75256,0.99998,25.74054,2017-04-12 20:42
DRM,21.0,3.0,4.0,1.5524,-44.3475,68.38222,24.03472,,3812,24.64304,0.0,0.0,SV Darmstadt 98,1.09886,0.0,1.0,74070,4.26244,0.0,5.09452,2017-04-12 20:42
MGB,11.0,6.0,10.0,1.00289,-2.21952,42.63418,40.41466,,268,13.45664,0.00096,0.33166,Borussia Monchengladbach,1.56854,0.0,0.00096,74048,7.77968,0.0,12.76368,2017-04-05 19:57
WLF,13.0,6.0,8.0,1.0949,-13.6005,47.83334,34.23284,,138,15.91204,0.0,0.01076,VfL Wolfsburg,1.5732,0.0,0.14202,74046,7.86522,0.0,10.22274,2017-04-05 19:57
DOR,5.0,8.0,14.0,0.84413,37.01386,34.90564,71.9195,,124,6.48678,0.99554,0.00446,Borussia Dortmund,2.49627,0.0,0.0,74050,9.29348,0.0,18.21974,2017-04-05 19:57
AUG,12.0,8.0,7.0,1.28419,-22.06062,54.53786,32.47724,,3841,15.73352,0.0,0.00064,FC Augsburg,1.26231,0.0,0.44476,74082,9.7491,0.0,8.51738,2017-04-05 19:57
COL,7.0,10.0,10.0,1.08846,6.15056,41.29402,47.44458,,122,9.95962,0.00702,0.63102,FC Cologne,1.46906,0.0,2e-05,74049,11.75732,0.0,12.28306,2017-04-05 19:57
LEV,12.0,5.0,10.0,1.13486,-1.06044,53.40774,52.3473,,131,14.63676,0.00024,0.25308,Bayer Leverkusen,1.90476,0.0,0.0017,74045,6.70868,0.0,12.65456,2017-04-05 19:57
HOF,2.0,12.0,13.0,0.98867,26.44656,34.39138,60.83794,,7911,4.08978,0.9861,0.0139,TSG Hoffenheim,1.90225,0.0,0.0,84341,13.69762,0.0,16.2126,2017-04-05 19:57
SCH,11.0,7.0,9.0,0.9925,3.62212,39.25084,42.87296,,133,13.18828,8e-05,0.26118,Schalke 04,1.55538,0.0,0.00422,74039,8.86632,0.0,11.9454,2017-04-05 19:57
RBL,6.0,4.0,17.0,1.06411,20.65384,39.38062,60.03446,,11420,8.47976,0.9972,0.0028,RB Leipzig,1.78774,0.00018,0.0,91099,5.7657,0.00018,19.75454,2017-04-05 19:57
HER,11.0,4.0,12.0,1.05371,1.82462,42.50776,44.33238,,129,13.34094,0.01146,0.737,Hertha Berlin,1.41495,0.0,0.0,74051,5.91232,0.0,14.74674,2017-04-05 19:57
FRA,10.0,7.0,10.0,0.93184,-3.08584,36.72102,33.63518,,125,12.75914,0.00094,0.30292,Eintracht Frankfurt,1.27653,0.0,0.00092,74052,8.88506,0.0,12.3558,2017-04-05 19:57
HSV,13.0,6.0,8.0,1.23392,-25.06202,59.78168,34.71966,,127,15.81798,0.0,0.00928,Hamburg SV,1.3694,0.0,0.15796,78530,7.82734,0.0,10.35468,2017-04-05 19:57
FRE,11.0,5.0,11.0,1.30453,-15.78642,59.41512,43.6287,,126,14.26934,0.0003,0.28444,SC Freiburg,1.52327,0.0,0.0008,74053,6.58226,0.0,13.1484,2017-04-05 19:57
MNZ,14.0,5.0,8.0,1.20909,-13.87386,57.4558,43.58194,,2950,17.27038,0.0,0.00242,Mainz,1.45964,0.0,0.23344,74062,6.71276,0.0,10.01686,2017-04-05 19:57
ING,16.0,4.0,7.0,1.19804,-17.21078,54.9239,37.71312,,6367,18.67652,0.0,0.00024,FC Ingolstadt 04,1.53536,0.0,0.49646,79434,5.746,0.0,9.57748,2017-04-05 19:57
BRE,12.0,5.0,10.0,1.24549,-5.82534,57.04734,51.222,,137,14.97886,0.00016,0.1542,Werder Bremen,1.75574,0.0,0.00506,74042,6.67844,0.0,12.3427,2017-04-05 19:57
BMU,2.0,5.0,20.0,0.52001,68.35482,18.46326,86.81808,,132,2.57068,1.0,0.0,Bayern Munich,2.97957,0.99982,0.0,74078,5.92408,0.99982,25.50524,2017-04-05 19:57
DRM,20.0,3.0,4.0,1.50266,-44.28104,67.01962,22.73858,,3812,24.24104,0.0,0.0,SV Darmstadt 98,1.06932,0.0,0.99994,74070,4.5125,0.0,5.24646,2017-04-05 19:57
MGB,11.0,5.0,9.0,1.0196,-2.98062,44.8954,41.91478,,268,14.09118,0.0082,0.22332,Borussia Monchengladbach,1.60699,0.0,0.00592,74048,7.38068,0.0,12.52814,2017-03-19 18:23
WLF,12.0,5.0,8.0,1.09168,-13.03304,46.70684,33.6738,,138,15.76796,0.00012,0.03484,VfL Wolfsburg,1.52544,0.0,0.0856,74046,7.359,0.0,10.87304,2017-03-19 18:23
DOR,5.0,7.0,13.0,0.86332,37.86384,35.20664,73.07048,,124,6.69836,0.98898,0.01092,Borussia Dortmund,2.51961,0.00014,0.0,74050,8.57776,0.00014,18.72388,2017-03-19 18:23
AUG,10.0,8.0,7.0,1.16345,-16.85824,49.14856,32.29032,,3841,14.74716,4e-05,0.00622,FC Augsburg,1.25642,0.0,0.19794,74082,10.1503,0.0,9.10254,2017-03-19 18:23
COL,6.0,10.0,9.0,1.09942,6.78586,41.45664,48.2425,,122,9.5216,0.05276,0.5265,FC Cologne,1.51763,0.0,0.0001,74049,12.30526,0.0,12.17314,2017-03-19 18:23
LEV,12.0,4.0,9.0,1.11652,-1.83876,52.41332,50.57456,,131,15.11636,0.00452,0.19784,Bayer Leverkusen,1.89227,0.0,0.0087,74045,6.234,0.0,12.64964,2017-03-19 18:23
HOF,2.0,12.0,11.0,1.03726,21.1024,37.32444,58.42684,,7911,5.31796,0.71904,0.26808,TSG Hoffenheim,1.81857,0.0,0.0,84341,14.20514,0.0,14.4769,2017-03-19 18:23
SCH,10.0,6.0,9.0,0.97962,6.71596,37.99064,44.7066,,133,12.91462,0.01534,0.36746,Schalke 04,1.62303,0.0,0.00286,74039,8.37638,0.0,12.709,2017-03-19 18:23
RBL,6.0,4.0,15.0,1.02049,16.8544,38.86374,55.71814,,11420,8.96526,0.94574,0.0539,RB Leipzig,1.66632,8e-05,0.0,91099,6.28162,8e-05,18.75312,2017-03-19 18:23
HER,9.0,4.0,12.0,0.98426,5.60188,40.2035,45.80538,,129,11.87042,0.23744,0.63902,Hertha Berlin,1.46835,0.0,0.0,74051,6.51272,0.0,15.61686,2017-03-19 18:23
FRA,9.0,6.0,10.0,0.99248,-2.63836,38.44014,35.80178,,125,12.58378,0.02236,0.381,Eintracht Frankfurt,1.31002,0.0,0.0009,74052,8.44054,0.0,12.97568,2017-03-19 18:23
HSV,12.0,6.0,7.0,1.23343,-25.66546,59.75238,34.08692,,127,16.08014,0.0,0.0051,Hamburg SV,1.35717,0.0,0.24074,78530,8.21268,0.0,9.70718,2017-03-19 18:23
FRE,10.0,5.0,10.0,1.26497,-13.65766,56.85598,43.19832,,126,14.00282,0.00518,0.23442,SC Freiburg,1.52671,0.0,0.00396,74053,7.12334,0.0,12.87384,2017-03-19 18:23
MNZ,12.0,5.0,8.0,1.16171,-12.26782,54.91878,42.65096,,2950,16.11006,8e-05,0.02174,Mainz,1.40542,0.0,0.10702,74062,7.29718,0.0,10.59276,2017-03-19 18:23
ING,16.0,4.0,5.0,1.17971,-19.32194,54.0833,34.76136,,6367,19.39982,0.0,8e-05,FC Ingolstadt 04,1.4584,0.0,0.74394,79434,6.35452,0.0,8.24566,2017-03-19 18:23
BRE,12.0,5.0,8.0,1.28421,-13.38674,58.48858,45.10184,,137,16.03222,0.0002,0.02956,Werder Bremen,1.61716,0.0,0.0958,74042,7.18874,0.0,10.77904,2017-03-19 18:23
BMU,1.0,5.0,19.0,0.53487,66.55284,18.77982,85.33266,,132,1.79308,1.0,0.0,Bayern Munich,2.90266,0.99978,0.0,74078,6.2585,0.99978,25.94842,2017-03-19 18:23
DRM,18.0,3.0,4.0,1.43742,-39.82854,64.44418,24.61564,,3812,23.36122,0.0,0.0,SV Darmstadt 98,1.12061,0.0,0.99748,74070,4.9936,0.0,5.64518,2017-03-19 18:23
MGB,10.0,5.0,9.0,1.02597,-2.83226,46.01794,43.18568,,268,13.67558,0.01872,0.27794,Borussia Monchengladbach,1.6452,0.0,0.0032,74048,7.57406,0.0,12.75036,2017-03-15 21:41
WLF,12.0,5.0,7.0,1.11084,-12.87676,47.68276,34.806,,138,15.9028,0.00032,0.03086,VfL Wolfsburg,1.53584,0.0,0.1041,74046,7.562,0.0,10.5352,2017-03-15 21:41
DOR,5.0,7.0,12.0,0.86452,40.93474,35.30784,76.24258,,124,6.59448,0.98718,0.01266,Borussia Dortmund,2.60522,0.00026,0.0,74050,8.56308,0.00026,18.84244,2017-03-15 21:41
AUG,10.0,7.0,7.0,1.17529,-16.77446,49.58088,32.80642,,3841,15.08564,0.00014,0.01248,FC Augsburg,1.26993,0.0,0.15304,74082,9.40154,0.0,9.51282,2017-03-15 21:41
COL,6.0,10.0,8.0,1.05585,4.949,40.2394,45.1884,,122,9.8083,0.0393,0.40104,FC Cologne,1.44412,0.0,0.00116,74049,12.61918,0.0,11.57252,2017-03-15 21:41
LEV,11.0,4.0,9.0,1.13627,-1.13056,53.38458,52.25402,,131,14.57556,0.01668,0.26988,Bayer Leverkusen,1.94187,0.0,0.00542,74045,6.45182,0.0,12.97262,2017-03-15 21:41
HOF,2.0,12.0,10.0,1.06948,20.1604,39.19572,59.35612,,7911,5.69786,0.54754,0.41076,TSG Hoffenheim,1.84664,0.0,0.0,84341,14.4024,0.0,13.89974,2017-03-15 21:41
SCH,10.0,6.0,8.0,1.00922,5.50702,39.71486,45.22188,,133,13.33534,0.00982,0.24886,Schalke 04,1.64101,0.0,0.01066,74039,8.61922,0.0,12.04544,2017-03-15 21:41
RBL,5.0,4.0,15.0,0.99058,21.04514,36.735,57.78014,,11420,8.09806,0.96882,0.03106,RB Leipzig,1.72152,0.00106,0.0,91099,6.51644,0.00106,19.3855,2017-03-15 21:41
HER,8.0,4.0,12.0,0.92974,7.60276,36.95938,44.56214,,129,11.1908,0.3628,0.54546,Hertha Berlin,1.41502,0.0,0.0,74051,6.8512,0.0,15.958,2017-03-15 21:41
FRA,9.0,5.0,10.0,1.02983,-2.29012,39.95648,37.66636,,125,12.87714,0.03786,0.43012,Eintracht Frankfurt,1.36408,0.0,0.00102,74052,7.64154,0.0,13.48132,2017-03-15 21:41
HSV,12.0,5.0,7.0,1.28526,-26.58132,61.87514,35.29382,,127,16.63414,2e-05,0.0079,Hamburg SV,1.40337,0.0,0.2286,78530,7.44252,0.0,9.92334,2017-03-15 21:41
FRE,10.0,4.0,10.0,1.27855,-13.85572,57.44184,43.58612,,126,14.43532,0.01022,0.25556,SC Freiburg,1.54107,0.0,0.0048,74053,6.35772,0.0,13.20696,2017-03-15 21:41
MNZ,11.0,5.0,8.0,1.17587,-11.12048,55.329,44.20852,,2950,15.43598,0.00054,0.05342,Mainz,1.44326,0.0,0.05392,74062,7.5598,0.0,11.00422,2017-03-15 21:41
ING,15.0,4.0,5.0,1.22793,-21.73058,56.6532,34.92262,,6367,19.49564,0.0,4e-05,FC Ingolstadt 04,1.46011,0.0,0.73738,79434,6.3981,0.0,8.10626,2017-03-15 21:41
BRE,12.0,5.0,7.0,1.32988,-17.43184,60.60866,43.17682,,137,16.61618,4e-05,0.01196,Werder Bremen,1.57587,0.0,0.19634,74042,7.40888,0.0,9.97494,2017-03-15 21:41
BMU,1.0,5.0,18.0,0.55406,66.48704,19.93712,86.42416,,132,1.98878,1.0,0.0,Bayern Munich,2.91667,0.99868,0.0,74078,6.49352,0.99868,25.5177,2017-03-15 21:41
DRM,17.0,3.0,4.0,1.44738,-40.062,65.46776,25.40576,,3812,23.0214,0.0,0.0,SV Darmstadt 98,1.14011,0.0,0.99412,74070,5.19898,0.0,5.77962,2017-03-15 21:41
MGB,9.0,5.0,9.0,0.98496,-1.02696,44.61976,43.5928,,268,12.8488,0.04824,0.3862,Borussia Monchengladbach,1.65476,0.0,0.00132,74048,7.8694,0.0,13.2818,2017-03-08 21:42
WLF,12.0,5.0,6.0,1.16031,-15.45122,49.94582,34.4946,,138,16.63888,2e-05,0.01026,VfL Wolfsburg,1.51324,0.0,0.20728,74046,7.77638,0.0,9.58474,2017-03-08 21:42
DOR,4.0,7.0,12.0,0.82711,43.2469,33.89272,77.13962,,124,5.7464,0.99356,0.00624,Borussia Dortmund,2.6356,0.00276,0.0,74050,8.7955,0.00276,19.4581,2017-03-08 21:42
AUG,9.0,7.0,7.0,1.11733,-13.5199,47.29884,33.77894,,3841,14.39974,0.0007,0.0302,FC Augsburg,1.29166,0.0,0.07052,74082,9.72408,0.0,9.87618,2017-03-08 21:42
COL,6.0,9.0,8.0,1.00008,5.45062,38.8056,44.25622,,122,10.03428,0.05944,0.41684,FC Cologne,1.4254,0.0,0.00108,74049,11.95822,0.0,12.0075,2017-03-08 21:42
LEV,11.0,3.0,9.0,1.18787,-0.05682,53.88778,53.83096,,131,14.7889,0.03214,0.3176,Bayer Leverkusen,1.98189,0.0,0.0033,74045,5.59508,0.0,13.61602,2017-03-08 21:42
HOF,2.0,11.0,10.0,1.08095,20.2814,39.71834,59.99974,,7911,6.038,0.61572,0.33396,TSG Hoffenheim,1.86336,2e-05,0.0,84341,13.64374,2e-05,14.31826,2017-03-08 21:42
SCH,10.0,6.0,7.0,1.02782,2.42172,40.83878,43.2605,,133,13.7057,0.00608,0.1547,Schalke 04,1.56738,0.0,0.02306,74039,8.88718,0.0,11.40712,2017-03-08 21:42
RBL,4.0,4.0,15.0,0.9739,24.25994,36.16336,60.4233,,11420,7.0457,0.98978,0.01014,RB Leipzig,1.7892,0.00792,0.0,91099,6.69594,0.00792,20.25836,2017-03-08 21:42
HER,8.0,4.0,11.0,0.94397,5.04284,38.00682,43.04966,,129,11.92016,0.18738,0.56268,Hertha Berlin,1.36303,0.0,2e-05,74051,7.12842,0.0,14.95142,2017-03-08 21:42
FRA,8.0,5.0,10.0,1.02767,-2.3391,40.02876,37.68966,,125,12.8727,0.04308,0.38788,Eintracht Frankfurt,1.35964,0.0,0.00056,74052,7.70948,0.0,13.41782,2017-03-08 21:42
HSV,12.0,5.0,6.0,1.29325,-28.28804,62.39406,34.10602,,127,17.14988,0.0,0.00334,Hamburg SV,1.35253,0.0,0.33114,78530,7.70806,0.0,9.14206,2017-03-08 21:42
FRE,10.0,3.0,10.0,1.29129,-14.04506,58.16472,44.11966,,126,14.8484,0.0203,0.26072,SC Freiburg,1.55589,0.0,0.0037,74053,5.5896,0.0,13.562,2017-03-08 21:42
MNZ,10.0,5.0,8.0,1.13999,-9.43814,53.99908,44.56094,,2950,14.64686,0.00332,0.1066,Mainz,1.45262,0.0,0.0224,74062,7.85372,0.0,11.49942,2017-03-08 21:42
ING,15.0,3.0,5.0,1.21124,-22.13808,55.81078,33.6727,,6367,19.90402,0.0,0.00034,FC Ingolstadt 04,1.39027,0.0,0.65346,79434,5.71464,0.0,8.38134,2017-03-08 21:42
BRE,12.0,4.0,7.0,1.36486,-18.74402,62.03716,43.29314,,137,17.2659,0.00024,0.0123,Werder Bremen,1.58689,0.0,0.18292,74042,6.6005,0.0,10.1336,2017-03-08 21:42
BMU,1.0,5.0,17.0,0.55151,65.76338,20.33612,86.0995,,132,2.0443,1.0,0.0,Bayern Munich,2.91192,0.9893,0.0,74078,6.5864,0.9893,25.3693,2017-03-08 21:42
DRM,17.0,3.0,3.0,1.45676,-41.41946,65.86224,24.44278,,3812,23.4518,0.0,0.0,SV Darmstadt 98,1.10497,0.0,0.9935,74070,5.46282,0.0,5.08538,2017-03-08 21:42
MGB,9.0,5.0,8.0,0.96463,-3.51942,43.26088,39.74146,,268,13.24404,0.02496,0.23808,Borussia Monchengladbach,1.52265,0.0,0.0047,74048,8.27134,0.0,12.48462,2017-02-26 18:22
WLF,12.0,4.0,6.0,1.18248,-16.01638,50.47316,34.45678,,138,17.13906,0.00016,0.01122,VfL Wolfsburg,1.52644,0.0,0.19344,74046,7.03896,0.0,9.82198,2017-02-26 18:22
DOR,4.0,7.0,11.0,0.84032,38.95262,32.85428,71.8069,,124,5.98086,0.973,0.02598,Borussia Dortmund,2.4915,0.00504,0.0,74050,9.16268,0.00504,18.85646,2017-02-26 18:22
AUG,9.0,6.0,7.0,1.10304,-13.45728,46.03834,32.58106,,3841,14.78032,0.00148,0.03224,FC Augsburg,1.27724,0.0,0.06516,74082,9.0503,0.0,10.16938,2017-02-26 18:22
COL,5.0,9.0,8.0,0.98266,8.46742,37.00898,45.4764,,122,9.42826,0.1017,0.43748,FC Cologne,1.47224,0.0,0.00072,74049,12.20764,0.0,12.3641,2017-02-26 18:22
LEV,10.0,3.0,9.0,1.12622,2.56674,49.51178,52.07852,,131,14.43118,0.04382,0.31936,Bayer Leverkusen,1.95859,0.0,0.00172,74045,5.83708,0.0,13.73174,2017-02-26 18:22
HOF,2.0,11.0,9.0,1.05461,18.01136,37.96966,55.98102,,7911,6.22126,0.45892,0.43214,TSG Hoffenheim,1.77938,0.0001,0.0,84341,13.97528,0.0001,13.80346,2017-02-26 18:22
SCH,9.0,6.0,7.0,0.93332,5.37626,36.61908,41.99534,,133,12.8154,0.01814,0.23178,Schalke 04,1.53932,0.0,0.00954,74039,9.26766,0.0,11.91694,2017-02-26 18:22
RBL,4.0,3.0,15.0,0.96198,24.31004,35.0139,59.32394,,11420,7.3651,0.98342,0.01638,RB Leipzig,1.76914,0.0222,0.0,91099,6.01842,0.0222,20.61648,2017-02-26 18:22
HER,7.0,4.0,11.0,0.95142,6.4745,38.0491,44.5236,,129,11.1815,0.282,0.51964,Hertha Berlin,1.40179,0.0,4e-05,74051,7.39926,0.0,15.41924,2017-02-26 18:22
FRA,7.0,5.0,10.0,0.99935,0.3308,38.07314,38.40394,,125,11.88964,0.09814,0.48158,Eintracht Frankfurt,1.3658,0.0,0.00024,74052,8.04408,0.0,14.06628,2017-02-26 18:22
HSV,12.0,5.0,5.0,1.3306,-29.5609,63.71686,34.15596,,127,17.5877,4e-05,0.00168,Hamburg SV,1.36203,0.0,0.44678,78530,7.9935,0.0,8.4188,2017-02-26 18:22
FRE,10.0,3.0,9.0,1.29723,-16.12196,58.55652,42.43456,,126,15.45764,0.00764,0.12706,SC Freiburg,1.51808,0.0,0.01326,74053,5.90508,0.0,12.63728,2017-02-26 18:22
MNZ,10.0,4.0,8.0,1.15079,-8.87104,53.99354,45.1225,,2950,14.90312,0.00642,0.117,Mainz,1.4786,0.0,0.01992,74062,7.13174,0.0,11.96514,2017-02-26 18:22
ING,14.0,3.0,5.0,1.14998,-19.41374,51.63456,32.22082,,6367,19.36786,0.0,0.00082,FC Ingolstadt 04,1.35892,0.0,0.52216,79434,6.03984,0.0,8.5923,2017-02-26 18:22
BRE,12.0,4.0,6.0,1.37651,-19.74996,62.76452,43.01456,,137,17.46934,0.00016,0.00756,Werder Bremen,1.59231,0.0,0.23096,74042,6.83374,0.0,9.69692,2017-02-26 18:22
BMU,1.0,5.0,16.0,0.58888,62.38306,21.17926,83.56232,,132,2.28624,1.0,0.0,Bayern Munich,2.78595,0.97266,0.0,74078,6.94692,0.97266,24.76684,2017-02-26 18:22
DRM,16.0,3.0,3.0,1.46185,-40.16212,65.44934,25.28722,,3812,23.0329,0.0,0.0,SV Darmstadt 98,1.11504,0.0,0.98206,74070,5.71364,0.0,5.25346,2017-02-26 18:22
MGB,9.0,5.0,7.0,0.98581,-6.07526,44.74288,38.66762,,268,13.725,0.0137,0.13194,Borussia Monchengladbach,1.50088,0.0,0.01922,74048,8.57448,0.0,11.70052,2017-02-21 21:39
WLF,11.0,4.0,6.0,1.17003,-14.4416,49.608,35.1664,,138,16.383,0.00062,0.024,VfL Wolfsburg,1.53768,0.0,0.132,74046,7.29852,0.0,10.31848,2017-02-21 21:39
DOR,4.0,7.0,10.0,0.88098,34.83078,34.95644,69.78722,,124,6.4251,0.9176,0.07544,Borussia Dortmund,2.4258,0.0058,0.0,74050,9.51914,0.0058,18.05576,2017-02-21 21:39
AUG,9.0,6.0,6.0,1.10567,-14.73486,46.13496,31.4001,,3841,15.1973,0.00064,0.01586,FC Augsburg,1.24171,0.0,0.1381,74082,9.40228,0.0,9.40042,2017-02-21 21:39
COL,4.0,9.0,8.0,0.9551,10.50996,34.8576,45.36756,,122,8.78716,0.15026,0.43898,FC Cologne,1.46285,2e-05,0.0002,74049,12.5272,2e-05,12.68564,2017-02-21 21:39
LEV,9.0,3.0,9.0,1.09702,7.5046,47.6373,55.1419,,131,13.23828,0.12992,0.43322,Bayer Leverkusen,2.03289,0.0,0.00044,74045,6.04592,0.0,14.7158,2017-02-21 21:39
HOF,2.0,10.0,9.0,1.08511,16.96484,38.87838,55.84322,,7911,6.82632,0.41082,0.42494,TSG Hoffenheim,1.77976,0.00012,2e-05,84341,13.2582,0.00012,13.91548,2017-02-21 21:39
SCH,9.0,5.0,7.0,0.93356,6.21624,36.62448,42.84072,,133,13.0067,0.03348,0.251,Schalke 04,1.57905,0.0,0.00924,74039,8.502,0.0,12.4913,2017-02-21 21:39
RBL,4.0,3.0,14.0,0.95496,22.20992,35.0234,57.23332,,11420,7.68754,0.95334,0.04476,RB Leipzig,1.72742,0.0222,0.0,91099,6.3551,0.0222,19.95736,2017-02-21 21:39
HER,7.0,4.0,10.0,0.96966,4.62706,39.09876,43.72582,,129,11.4947,0.20472,0.4583,Hertha Berlin,1.39501,0.0,0.00012,74051,7.7032,0.0,14.8021,2017-02-21 21:39
FRA,6.0,5.0,10.0,0.99397,2.61368,36.88778,39.50146,,125,11.21252,0.1616,0.47706,Eintracht Frankfurt,1.38907,0.0,0.00028,74052,8.35976,0.0,14.42772,2017-02-21 21:39
HSV,11.0,5.0,5.0,1.24306,-22.97024,57.75394,34.7837,,127,17.19586,0.0001,0.00284,Hamburg SV,1.39094,0.0,0.36576,78530,8.13972,0.0,8.66442,2017-02-21 21:39
FRE,9.0,3.0,9.0,1.25734,-12.5977,56.91054,44.31284,,126,14.77138,0.0213,0.17568,SC Freiburg,1.5786,0.0,0.0074,74053,6.1205,0.0,13.10812,2017-02-21 21:39
MNZ,10.0,4.0,7.0,1.20114,-13.43926,56.84882,43.40956,,2950,15.86332,0.00178,0.04016,Mainz,1.44324,0.0,0.07352,74062,7.32226,0.0,10.81442,2017-02-21 21:39
ING,13.0,3.0,5.0,1.13213,-16.58228,50.428,33.84572,,6367,18.5418,6.000000000000001e-05,0.00322,FC Ingolstadt 04,1.38562,0.0,0.37236,79434,6.34772,0.0,9.11048,2017-02-21 21:39
BRE,12.0,4.0,5.0,1.38694,-21.97872,63.72806,41.74934,,137,18.11472,6.000000000000001e-05,0.0026,Werder Bremen,1.5769,0.0,0.41092,74042,7.0817,0.0,8.80358,2017-02-21 21:39
BMU,1.0,5.0,15.0,0.60609,55.9927,21.47776,77.47046,,132,2.37092,1.0,0.0,Bayern Munich,2.63057,0.97186,0.0,74078,7.10834,0.97186,24.52074,2017-02-21 21:39
DRM,15.0,3.0,3.0,1.42272,-38.64986,64.18846,25.5386,,3812,22.30126,0.0,0.0,SV Darmstadt 98,1.11769,0.0,0.96076,74070,6.0482,0.0,5.65054,2017-02-21 21:39
MGB,8.0,5.0,7.0,0.9765,-4.96134,43.82902,38.86768,,268,13.05966,0.0274,0.17712,Borussia Monchengladbach,1.49623,0.0,0.00968,74048,8.85602,0.0,12.08432,2017-02-15 21:46
WLF,10.0,4.0,6.0,1.15442,-12.41648,48.66288,36.2464,,138,15.98864,0.0015,0.03248,VfL Wolfsburg,1.58731,0.0,0.08474,74046,7.43474,0.0,10.57662,2017-02-15 21:46
DOR,4.0,7.0,9.0,0.91499,32.64664,36.05688,68.70352,,124,6.63572,0.87204,0.11268,Borussia Dortmund,2.39878,0.00338,0.0,74050,9.73648,0.00338,17.6278,2017-02-15 21:46
AUG,8.0,6.0,6.0,1.0445,-11.67014,43.39586,31.72572,,3841,14.30078,0.00272,0.03958,FC Augsburg,1.23987,0.0,0.06564,74082,9.75682,0.0,9.9424,2017-02-15 21:46
COL,4.0,8.0,8.0,0.9388,11.6494,34.33262,45.98202,,122,8.885,0.2066,0.42916,FC Cologne,1.49444,6.000000000000001e-05,0.00036,74049,11.81964,6.000000000000001e-05,13.29536,2017-02-15 21:46
LEV,9.0,3.0,8.0,1.0389,5.61862,46.94114,52.55976,,131,13.49946,0.08952,0.34358,Bayer Leverkusen,1.92824,0.0,0.00202,74045,6.43278,0.0,14.06776,2017-02-15 21:46
HOF,2.0,10.0,8.0,1.11331,16.51772,39.67276,56.19048,,7911,6.91948,0.3556,0.42968,TSG Hoffenheim,1.79694,0.00016,0.0,84341,13.43746,0.00016,13.64306,2017-02-15 21:46
SCH,9.0,4.0,7.0,0.95683,5.04616,37.2891,42.33526,,133,13.61436,0.03596,0.21644,Schalke 04,1.55598,0.0,0.01016,74039,7.8232,0.0,12.56244,2017-02-15 21:46
RBL,4.0,3.0,13.0,0.95155,20.76584,35.22044,55.98628,,11420,8.13838,0.89286,0.097,RB Leipzig,1.71361,0.01044,0.0,91099,6.6615,0.01044,19.20012,2017-02-15 21:46
HER,7.0,3.0,10.0,0.98866,2.90494,40.31706,43.222,,129,12.265,0.1716,0.40758,Hertha Berlin,1.3777,2e-05,0.00032,74051,6.94458,2e-05,14.79042,2017-02-15 21:46
FRA,5.0,5.0,10.0,0.95117,6.55544,34.82636,41.3818,,125,10.12294,0.31164,0.4567,Eintracht Frankfurt,1.41724,4e-05,6.000000000000001e-05,74052,8.67784,4e-05,15.19922,2017-02-15 21:46
HSV,11.0,4.0,5.0,1.22322,-22.63922,56.83872,34.1995,,127,17.50008,0.00016,0.00544,Hamburg SV,1.38002,0.0,0.28352,78530,7.43188,0.0,9.06804,2017-02-15 21:46
FRE,9.0,2.0,9.0,1.24718,-12.95652,56.25388,43.29736,,126,15.21118,0.02562,0.17166,SC Freiburg,1.55505,0.0,0.00788,74053,5.40712,0.0,13.3817,2017-02-15 21:46
MNZ,9.0,4.0,7.0,1.19614,-10.28122,55.80242,45.5212,,2950,15.00246,0.00678,0.07876,Mainz,1.49158,0.0,0.03344,74062,7.54938,0.0,11.44816,2017-02-15 21:46
ING,13.0,3.0,4.0,1.15656,-20.48422,52.4188,31.93458,,6367,19.34808,0.0,0.00124,FC Ingolstadt 04,1.33195,0.0,0.53154,79434,6.61824,0.0,8.03368,2017-02-15 21:46
BRE,12.0,4.0,4.0,1.43391,-25.11886,65.80832,40.68946,,137,18.75912,0.0,0.0009,Werder Bremen,1.57082,0.0,0.52704,74042,7.30236,0.0,7.93852,2017-02-15 21:46
BMU,1.0,4.0,15.0,0.5958,56.86542,21.2105,78.07592,,132,2.52462,1.0,0.0,Bayern Munich,2.67038,0.9859,0.0,74078,6.36178,0.9859,25.1136,2017-02-15 21:46
DRM,14.0,3.0,3.0,1.43726,-38.04218,64.32584,26.28366,,3812,21.97792,0.0,0.0,SV Darmstadt 98,1.14645,0.0,0.9299,74070,6.24242,0.0,5.77966,2017-02-15 21:46
MGB,8.0,5.0,6.0,0.99941,-6.26824,45.59276,39.32452,,268,13.51202,0.0111,0.13768,Borussia Monchengladbach,1.51423,0.0,0.03352,74048,9.09256,0.0,11.39542,2017-02-05 16:26
WLF,10.0,4.0,5.0,1.17393,-14.36064,49.5169,35.15626,,138,16.54954,0.00054,0.02088,VfL Wolfsburg,1.55481,0.0,0.19378,74046,7.67968,0.0,9.77078,2017-02-05 16:26
DOR,3.0,7.0,9.0,0.8905,36.56802,34.56836,71.13638,,124,5.60412,0.90866,0.08556,Borussia Dortmund,2.47393,0.0228,0.0,74050,9.82936,0.0228,18.56652,2017-02-05 16:26
AUG,7.0,6.0,6.0,1.02727,-9.27502,42.38058,33.10556,,3841,13.57716,0.00384,0.07686,FC Augsburg,1.27802,0.0,0.05192,74082,10.06112,0.0,10.36172,2017-02-05 16:26
COL,3.0,8.0,8.0,0.92596,12.79538,33.4309,46.22628,,122,8.21172,0.2123,0.50986,FC Cologne,1.49371,0.00028,0.00016,74049,12.10752,0.00028,13.68076,2017-02-05 16:26
LEV,9.0,3.0,7.0,1.0657,1.58804,48.59008,50.17812,,131,14.07662,0.0343,0.27062,Bayer Leverkusen,1.86607,0.0,0.0095,74045,6.70504,0.0,13.21834,2017-02-05 16:26
HOF,1.0,10.0,8.0,1.08802,18.36314,38.62138,56.98452,,7911,6.12382,0.38856,0.47582,TSG Hoffenheim,1.82382,0.00098,0.0,84341,13.67192,0.00098,14.20426,2017-02-05 16:26
SCH,9.0,4.0,6.0,0.98626,2.62546,38.81274,41.4382,,133,14.06956,0.01374,0.16748,Schalke 04,1.53752,0.0,0.03018,74039,8.10462,0.0,11.82582,2017-02-05 16:26
RBL,3.0,3.0,13.0,0.8859,27.86528,31.26694,59.13222,,11420,6.69476,0.94638,0.05162,RB Leipzig,1.77355,0.06096,0.0,91099,6.80282,0.06096,20.50242,2017-02-05 16:26
HER,6.0,3.0,10.0,0.97518,5.18634,39.31372,44.50006,,129,11.56924,0.18042,0.50244,Hertha Berlin,1.41536,0.00018,0.00016,74051,7.22508,0.00018,15.20568,2017-02-05 16:26
FRA,4.0,5.0,9.0,0.93466,9.09564,33.36312,42.45876,,125,9.55344,0.28794,0.50664,Eintracht Frankfurt,1.43805,0.00062,0.0001,74052,9.16302,0.00062,15.28354,2017-02-05 16:26
HSV,11.0,4.0,4.0,1.27017,-28.96728,59.78854,30.82126,,127,18.61968,2e-05,0.00106,Hamburg SV,1.29561,0.0,0.61456,78530,7.57102,0.0,7.8093,2017-02-05 16:26
FRE,9.0,2.0,8.0,1.24654,-14.0602,56.40632,42.34612,,126,15.6119,0.01042,0.1333,SC Freiburg,1.53689,0.0,0.0255,74053,5.6832,0.0,12.7049,2017-02-05 16:26
MNZ,9.0,4.0,6.0,1.23336,-12.66212,57.27756,44.61544,,2950,15.45288,0.00186,0.05376,Mainz,1.4695,0.0,0.08746,74062,7.83,0.0,10.71712,2017-02-05 16:26
ING,12.0,3.0,4.0,1.16158,-19.29496,52.49322,33.19826,,6367,18.89546,2e-05,0.00216,FC Ingolstadt 04,1.37174,0.0,0.51924,79434,6.79822,0.0,8.30632,2017-02-05 16:26
BRE,11.0,4.0,4.0,1.45136,-23.90908,66.36538,42.4563,,137,18.06326,6.000000000000001e-05,0.00408,Werder Bremen,1.60267,0.0,0.46754,74042,7.54342,0.0,8.39332,2017-02-05 16:26
BMU,1.0,4.0,14.0,0.62008,54.6147,22.4154,77.0301,,132,2.84134,0.99984,0.00016,Bayern Munich,2.59495,0.91418,0.0,74078,6.6899,0.91418,24.46876,2017-02-05 16:26
DRM,13.0,3.0,2.0,1.45736,-39.90446,65.55426,25.6498,,3812,22.38274,0.0,2e-05,SV Darmstadt 98,1.11016,0.0,0.96638,74070,6.62298,0.0,4.99428,2017-02-05 16:26
MGB,8.0,5.0,5.0,1.02036,-9.53028,47.07718,37.5469,,268,13.94058,0.0088,0.09806,Borussia Monchengladbach,1.47568,0.0,0.06576,74048,9.3361,0.0,10.72332,2017-01-29 18:22
WLF,9.0,4.0,5.0,1.19479,-13.98184,50.51344,36.5316,,138,16.07658,0.00212,0.03864,VfL Wolfsburg,1.58196,0.0,0.15322,74046,7.88584,0.0,10.03758,2017-01-29 18:22
DOR,3.0,7.0,8.0,0.92494,35.73706,36.25206,71.98912,,124,5.94382,0.86768,0.1191,Borussia Dortmund,2.4686,0.0078,0.0,74050,10.06016,0.0078,17.99602,2017-01-29 18:22
AUG,7.0,6.0,5.0,0.98263,-9.06474,40.57404,31.5093,,3841,13.6369,0.00462,0.073,FC Augsburg,1.23478,0.0,0.07898,74082,10.39968,0.0,9.96342,2017-01-29 18:22
COL,3.0,8.0,7.0,0.94499,12.41266,34.74078,47.15344,,122,8.46874,0.20286,0.45546,FC Cologne,1.51844,0.0001,0.00074,74049,12.2919,0.0001,13.23936,2017-01-29 18:22
LEV,8.0,3.0,7.0,1.06897,3.9959,48.83114,52.82704,,131,13.18978,0.09082,0.36656,Bayer Leverkusen,1.93942,2e-05,0.00532,74045,6.88204,2e-05,13.92818,2017-01-29 18:22
HOF,1.0,10.0,7.0,1.11125,14.21082,40.21624,54.42706,,7911,6.51414,0.32156,0.46624,TSG Hoffenheim,1.78035,0.00014,0.00028,84341,13.92748,0.00014,13.55838,2017-01-29 18:22
SCH,9.0,3.0,6.0,1.01577,-1.07644,41.17646,40.10002,,133,15.27056,0.00982,0.11528,Schalke 04,1.50373,0.0,0.05232,74039,7.18982,0.0,11.53962,2017-01-29 18:22
RBL,2.0,3.0,13.0,0.88337,28.8096,32.05032,60.85992,,11420,6.15372,0.9641,0.03462,RB Leipzig,1.82913,0.05476,0.0,91099,6.9599,0.05476,20.88638,2017-01-29 18:22
HER,6.0,3.0,9.0,0.99306,4.92728,40.53514,45.46242,,129,11.77758,0.17572,0.44802,Hertha Berlin,1.44438,0.00012,0.00084,74051,7.44282,0.00012,14.7796,2017-01-29 18:22
FRA,4.0,5.0,9.0,0.93466,8.96816,33.55084,42.519,,125,9.59652,0.31666,0.4767,Eintracht Frankfurt,1.43805,0.0002,0.00014,74052,9.13786,0.0002,15.26562,2017-01-29 18:22
HSV,11.0,4.0,3.0,1.32541,-31.3566,62.3918,31.0352,,127,19.27806,0.0,0.0004,Hamburg SV,1.29934,0.0,0.74898,78530,7.74824,0.0,6.9737,2017-01-29 18:22
FRE,8.0,2.0,8.0,1.21299,-10.79112,54.54264,43.75152,,126,14.9143,0.0273,0.19786,SC Freiburg,1.56511,0.0,0.0158,74053,5.95494,0.0,13.13076,2017-01-29 18:22
MNZ,8.0,4.0,6.0,1.20071,-8.61914,54.71134,46.0922,,2950,14.8062,0.00764,0.09532,Mainz,1.49815,0.0,0.05414,74062,8.06136,0.0,11.13244,2017-01-29 18:22
ING,11.0,3.0,4.0,1.18685,-19.08562,53.4025,34.31688,,6367,18.46868,0.0002,0.00678,FC Ingolstadt 04,1.39428,0.0,0.4542,79434,7.00094,0.0,8.53038,2017-01-29 18:22
BRE,10.0,4.0,4.0,1.40402,-23.64312,64.59578,40.95266,,137,17.60458,0.00014,0.00792,Werder Bremen,1.54172,0.0,0.40514,74042,7.82198,0.0,8.57344,2017-01-29 18:22
BMU,1.0,3.0,14.0,0.60116,58.0823,21.6122,79.6945,,132,2.75538,0.99996,4e-05,Bayern Munich,2.65542,0.93686,0.0,74078,5.71434,0.93686,25.53028,2017-01-29 18:22
DRM,13.0,3.0,2.0,1.45736,-39.99488,65.7013,25.70642,,3812,22.38248,0.0,0.0,SV Darmstadt 98,1.11016,0.0,0.96414,74070,6.6274,0.0,4.99012,2017-01-29 18:22
MGB,8.0,5.0,4.0,1.01508,-12.82484,46.79244,33.9676,,268,14.79276,0.00512,0.06008,Borussia Monchengladbach,1.37607,0.0,0.16628,74048,9.66976,0.0,9.53748,2017-01-22 18:19
WLF,8.0,4.0,5.0,1.13899,-11.08792,48.14964,37.06172,,138,14.9944,0.01176,0.0982,VfL Wolfsburg,1.60096,0.0,0.09652,74046,8.20488,0.0,10.80072,2017-01-22 18:19
DOR,3.0,6.0,8.0,0.94062,35.89404,36.8514,72.74544,,124,6.30744,0.84,0.13384,Borussia Dortmund,2.5152,0.0238,0.0,74050,9.30496,0.0238,18.3876,2017-01-22 18:19
AUG,7.0,6.0,4.0,0.99627,-11.60732,41.30448,29.69716,,3841,14.337,0.00364,0.05028,FC Augsburg,1.17771,0.0,0.17696,74082,10.67008,0.0,8.99292,2017-01-22 18:19
COL,3.0,8.0,6.0,0.93114,6.21756,34.59132,40.80888,,122,9.02236,0.12616,0.36912,FC Cologne,1.38684,0.0002,0.00468,74049,12.70412,0.0002,12.27352,2017-01-22 18:19
FRE,8.0,2.0,7.0,1.22378,-11.6236,54.5392,42.9156,,126,15.22604,0.02812,0.16632,SC Freiburg,1.56534,0.0,0.03724,74053,6.2374,0.0,12.53656,2017-01-22 18:19
HOF,0.0,10.0,7.0,1.10686,14.9012,39.39856,54.29976,,7911,5.94912,0.37312,0.43168,TSG Hoffenheim,1.79097,0.0018,0.00024,84341,14.19756,0.0018,13.85332,2017-01-22 18:19
SCH,8.0,3.0,6.0,1.0179,0.37876,41.1156,41.49436,,133,14.50676,0.03104,0.18152,Schalke 04,1.55144,0.0,0.03788,74039,7.46664,0.0,12.0266,2017-01-22 18:19
RBL,2.0,3.0,12.0,0.88989,28.40292,31.9324,60.33532,,11420,6.38156,0.91524,0.07676,RB Leipzig,1.82284,0.074,0.0,91099,7.22748,0.074,20.39096,2017-01-22 18:19
HER,5.0,3.0,9.0,0.99322,6.05584,39.5802,45.63604,,129,11.11152,0.24164,0.43508,Hertha Berlin,1.45659,0.0008,0.00052,74051,7.7126,0.0008,15.17588,2017-01-22 18:19
FRA,4.0,5.0,8.0,0.96914,6.59236,35.55476,42.14712,,125,10.27468,0.20644,0.43808,Eintracht Frankfurt,1.44076,0.00052,0.00064,74052,9.37392,0.00052,14.3514,2017-01-22 18:19
HSV,10.0,4.0,3.0,1.2949,-29.26464,60.19688,30.93224,,127,18.60212,4e-05,0.00292,Hamburg SV,1.29817,0.0,0.62392,78530,8.08136,0.0,7.31652,2017-01-22 18:19
LEV,7.0,3.0,7.0,0.98938,7.73684,44.76092,52.49776,,131,11.9684,0.20356,0.42192,Bayer Leverkusen,1.93104,0.0002,0.0036,74045,7.14172,0.0002,14.88988,2017-01-22 18:19
MNZ,8.0,3.0,6.0,1.22773,-9.53288,55.94112,46.40824,,2950,15.40432,0.01292,0.10892,Mainz,1.51994,0.0,0.0712,74062,7.22332,0.0,11.37236,2017-01-22 18:19
ING,11.0,3.0,3.0,1.18575,-20.6986,53.11072,32.41212,,6367,18.70808,0.00056,0.008,FC Ingolstadt 04,1.36265,0.0,0.52136,79434,7.29548,0.0,7.99644,2017-01-22 18:19
BRE,9.0,4.0,4.0,1.4373,-24.04608,64.81896,40.77288,,137,17.28912,0.00088,0.01688,Werder Bremen,1.53442,0.0,0.3674,74042,7.99216,0.0,8.71872,2017-01-22 18:19
BMU,1.0,3.0,13.0,0.59715,57.87528,21.81304,79.68832,,132,2.98144,0.99976,0.00024,Bayern Munich,2.71004,0.89868,0.0,74078,5.9542,0.89868,25.06436,2017-01-22 18:19
DRM,12.0,3.0,2.0,1.32965,-33.36892,59.109,25.74008,,3812,21.36052,0.0,0.00016,SV Darmstadt 98,1.09477,0.0,0.89156,74070,7.10708,0.0,5.5324,2017-01-22 18:19
MGB,8.0,4.0,4.0,1.05499,-13.4469,48.9734,35.5265,,268,15.3291,0.0062,0.0683,Borussia Monchengladbach,1.40994,0.0,0.1977,74048,8.8596,0.0,9.8113,2016-12-22 14:00
WLF,8.0,4.0,4.0,1.16781,-10.939,49.4547,38.5157,,138,15.1641,0.0111,0.0924,VfL Wolfsburg,1.62943,0.0,0.1477,74046,8.3926,0.0,10.4433,2016-12-22 14:00
DOR,3.0,6.0,7.0,0.95744,35.9213,37.4841,73.4054,,124,6.5229,0.8049,0.1568,Borussia Dortmund,2.52461,0.0275,0.0001,74050,9.4977,0.0275,17.9794,2016-12-22 14:00
AUG,6.0,6.0,4.0,0.98218,-8.4056,40.0924,31.6868,,3841,13.4102,0.0125,0.093,FC Augsburg,1.22688,0.0,0.1199,74082,10.9596,0.0,9.6302,2016-12-22 14:00
COL,3.0,7.0,6.0,0.97286,5.6518,36.7325,42.3843,,122,9.5439,0.1417,0.3528,FC Cologne,1.41963,0.0001,0.0077,74049,11.9114,0.0001,12.5447,2016-12-22 14:00
LEV,7.0,3.0,6.0,0.98817,5.7515,44.8776,50.6291,,131,12.3212,0.1703,0.3605,Bayer Leverkusen,1.88314,0.0003,0.0099,74045,7.4393,0.0003,14.2395,2016-12-22 14:00
HOF,0.0,10.0,6.0,1.15401,11.3625,41.7249,53.0874,,7911,6.6567,0.267,0.4093,TSG Hoffenheim,1.76962,0.0017,0.0021,84341,14.4244,0.0017,12.9189,2016-12-22 14:00
SCH,8.0,3.0,5.0,1.03355,0.0192,42.3854,42.4046,,133,14.7283,0.0254,0.1617,Schalke 04,1.56148,0.0,0.0772,74039,7.7021,0.0,11.5696,2016-12-22 14:00
RBL,2.0,3.0,11.0,0.92116,23.8725,33.7926,57.6651,,11420,7.0094,0.8347,0.1381,RB Leipzig,1.74435,0.0591,0.0,91099,7.5639,0.0591,19.4267,2016-12-22 14:00
HER,4.0,3.0,9.0,0.96345,8.182,37.5732,45.7552,,129,10.4415,0.319,0.4055,Hertha Berlin,1.45502,0.0023,0.0006,74051,8.007,0.0023,15.5515,2016-12-22 14:00
FRA,3.0,5.0,8.0,0.91892,11.2344,32.6476,43.882,,125,9.2844,0.3389,0.4042,Eintracht Frankfurt,1.48401,0.0037,0.0005,74052,9.675,0.0037,15.0406,2016-12-22 14:00
HSV,9.0,4.0,3.0,1.31931,-29.3303,61.4453,32.115,,127,18.2262,0.0001,0.0057,Hamburg SV,1.32971,0.0,0.6105,78530,8.2827,0.0,7.4911,2016-12-22 14:00
FRE,7.0,2.0,7.0,1.24506,-11.9324,55.201,43.2686,,126,14.9187,0.0416,0.1794,SC Freiburg,1.57184,0.0001,0.0395,74053,6.3733,0.0001,12.708,2016-12-22 14:00
MNZ,8.0,2.0,6.0,1.25781,-9.0169,57.5601,48.5432,,2950,15.6764,0.0249,0.1335,Mainz,1.57827,0.0,0.0767,74062,6.4499,0.0,11.8737,2016-12-22 14:00
ING,10.0,3.0,3.0,1.19404,-20.3043,53.9488,33.6445,,6367,18.2428,0.0006,0.0129,FC Ingolstadt 04,1.38174,0.0,0.4938,79434,7.5188,0.0,8.2384,2016-12-22 14:00
BRE,8.0,4.0,4.0,1.4434,-23.6771,65.3147,41.6376,,137,16.7994,0.0025,0.0239,Werder Bremen,1.55795,0.0,0.3396,74042,8.2147,0.0,8.9859,2016-12-22 14:00
BMU,1.0,3.0,12.0,0.60067,58.3403,21.9736,80.3139,,132,3.1333,0.9986,0.0014,Bayern Munich,2.74916,0.9052,0.0,74078,6.1151,0.9052,24.7516,2016-12-22 14:00
DRM,12.0,2.0,2.0,1.36271,-33.283,60.7383,27.4553,,3812,21.7146,0.0,0.0006,SV Darmstadt 98,1.13671,0.0,0.8765,74070,6.3667,0.0,5.9187,2016-12-22 14:00
MGB,6.0,4.0,4.0,1.03343,-9.8684,47.5856,37.7172,,268,13.6813,0.0213,0.1343,Borussia Monchengladbach,1.45464,0.0,0.0821,74048,9.4156,0.0,10.9031,2016-12-15 14:00
WLF,8.0,4.0,2.0,1.19778,-15.6196,52.1903,36.5707,,138,16.4603,0.0033,0.0349,VfL Wolfsburg,1.57266,0.0,0.3061,74046,8.8779,0.0,8.6618,2016-12-15 14:00
DOR,3.0,4.0,7.0,0.92725,40.7405,35.5136,76.2541,,124,6.6011,0.8406,0.1328,Borussia Dortmund,2.58679,0.1022,0.0,74050,7.7498,0.1022,19.6491,2016-12-15 14:00
AUG,6.0,5.0,3.0,1.03572,-13.4079,44.1317,30.7238,,3841,15.0674,0.0039,0.0446,FC Augsburg,1.22561,0.0,0.2295,74082,10.2612,0.0,8.6714,2016-12-15 14:00
COL,3.0,5.0,6.0,0.99814,4.8717,38.135,43.0067,,122,10.4607,0.1367,0.32,FC Cologne,1.44863,0.0015,0.0088,74049,10.3671,0.0015,13.1722,2016-12-15 14:00
LEV,6.0,2.0,6.0,0.93259,11.157,42.0325,53.1895,,131,11.1989,0.2994,0.3859,Bayer Leverkusen,1.93952,0.0036,0.0032,74045,6.8622,0.0036,15.9389,2016-12-15 14:00
HOF,0.0,8.0,6.0,1.17531,11.5606,42.4204,53.981,,7911,7.4275,0.2628,0.3884,TSG Hoffenheim,1.79721,0.0074,0.0014,84341,12.7905,0.0074,13.782,2016-12-15 14:00
SCH,7.0,2.0,5.0,0.99375,4.8161,40.0647,44.8808,,133,13.6909,0.0691,0.2596,Schalke 04,1.63049,0.0001,0.0267,74039,7.15,0.0001,13.1591,2016-12-15 14:00
RBL,1.0,3.0,10.0,0.9149,23.5618,34.0582,57.62,,11420,7.0872,0.734,0.2119,RB Leipzig,1.76859,0.0808,0.0,91099,7.9664,0.0808,18.9464,2016-12-15 14:00
HER,3.0,3.0,8.0,0.95913,9.2937,37.48,46.7737,,129,9.982,0.2966,0.3982,Hertha Berlin,1.48963,0.0072,0.0005,74051,8.4352,0.0072,15.5828,2016-12-15 14:00
FRA,2.0,5.0,7.0,0.93779,9.5866,34.1599,43.7465,,125,8.9848,0.2864,0.3928,Eintracht Frankfurt,1.48847,0.0077,0.0014,74052,10.1148,0.0077,14.9004,2016-12-15 14:00
HSV,8.0,4.0,2.0,1.32199,-29.8732,60.6723,30.7991,,127,18.3053,0.0003,0.0058,Hamburg SV,1.27924,0.0,0.5878,78530,8.7706,0.0,6.9241,2016-12-15 14:00
FRE,7.0,1.0,6.0,1.28744,-14.9468,56.9911,42.0443,,126,16.106,0.0204,0.1132,SC Freiburg,1.54884,0.0002,0.0728,74053,5.8788,0.0002,12.0152,2016-12-15 14:00
MNZ,7.0,2.0,5.0,1.23162,-7.2239,55.5442,48.3203,,2950,15.2778,0.0266,0.1289,Mainz,1.583,0.0001,0.0672,74062,6.9554,0.0001,11.7668,2016-12-15 14:00
ING,9.0,3.0,2.0,1.21487,-23.5734,55.0497,31.4763,,6367,18.6979,0.0008,0.0097,FC Ingolstadt 04,1.30659,0.0,0.5544,79434,7.9401,0.0,7.362,2016-12-15 14:00
BRE,8.0,2.0,4.0,1.4981,-24.7271,67.2671,42.54,,137,17.7771,0.0031,0.0321,Werder Bremen,1.60664,0.0,0.2785,74042,6.5743,0.0,9.6486,2016-12-15 14:00
BMU,1.0,3.0,10.0,0.64117,56.1416,24.0557,80.1973,,132,3.513,0.9946,0.0051,Bayern Munich,2.72776,0.7892,0.0,74078,6.5807,0.7892,23.9063,2016-12-15 14:00
DRM,10.0,2.0,2.0,1.39138,-32.4893,62.1311,29.6418,,3812,20.9663,0.0001,0.0018,SV Darmstadt 98,1.17295,0.0,0.7796,74070,6.7384,0.0,6.2953,2016-12-15 14:00
MGB,6.0,4.0,3.0,1.06175,-10.3415,49.5305,39.189,,268,14.0263,0.0169,0.1153,Borussia Monchengladbach,1.50135,0.0,0.1015,74048,9.5036,0.0,10.4701,2016-12-08 14:00
WLF,7.0,4.0,2.0,1.17401,-13.0556,50.1938,37.1382,,138,16.2857,0.004,0.0414,VfL Wolfsburg,1.59297,0.0,0.2545,74046,8.9554,0.0,8.7589,2016-12-08 14:00
DOR,3.0,3.0,7.0,0.94169,41.939,36.2601,78.1991,,124,6.8468,0.8281,0.1406,Borussia Dortmund,2.63715,0.1226,0.0,74050,6.9161,0.1226,20.2371,2016-12-08 14:00
AUG,5.0,5.0,3.0,1.03915,-11.8748,44.5953,32.7205,,3841,14.333,0.0083,0.0632,FC Augsburg,1.25431,0.0,0.154,74082,10.4754,0.0,9.1916,2016-12-08 14:00
COL,3.0,4.0,6.0,1.02298,4.4183,39.5853,44.0036,,122,11.0167,0.1231,0.3214,FC Cologne,1.46818,0.0029,0.0073,74049,9.5012,0.0029,13.4821,2016-12-08 14:00
LEV,6.0,2.0,5.0,0.97359,8.7317,44.9176,53.6493,,131,11.9154,0.1852,0.3806,Bayer Leverkusen,1.95448,0.0025,0.0055,74045,7.083,0.0025,15.0016,2016-12-08 14:00
HOF,0.0,7.0,6.0,1.23101,10.8563,45.357,56.2133,,7911,8.0436,0.2351,0.3891,TSG Hoffenheim,1.85701,0.0073,0.0013,84341,11.9293,0.0073,14.0271,2016-12-08 14:00
SCH,6.0,2.0,5.0,1.00303,6.9396,40.7527,47.6923,,133,12.9044,0.1067,0.2973,Schalke 04,1.69082,0.0016,0.0151,74039,7.2916,0.0016,13.804,2016-12-08 14:00
RBL,0.0,3.0,10.0,0.92365,25.8645,34.3771,60.2416,,11420,6.2324,0.7678,0.1873,RB Leipzig,1.8143,0.1268,0.0,91099,8.1488,0.1268,19.6188,2016-12-08 14:00
HER,2.0,3.0,8.0,0.95245,13.0206,37.1171,50.1377,,129,8.8039,0.4005,0.3838,Hertha Berlin,1.55498,0.0173,0.0004,74051,8.6294,0.0173,16.5667,2016-12-08 14:00
FRA,2.0,4.0,7.0,0.97567,10.0959,36.3429,46.4388,,125,9.3312,0.2908,0.3915,Eintracht Frankfurt,1.5543,0.0114,0.001,74052,9.2428,0.0114,15.426,2016-12-08 14:00
HSV,8.0,4.0,1.0,1.35225,-31.3914,62.7893,31.3979,,127,18.7632,0.0,0.0038,Hamburg SV,1.28319,0.0,0.6304,78530,8.9606,0.0,6.2762,2016-12-08 14:00
FRE,7.0,1.0,5.0,1.32105,-15.2405,58.808,43.5675,,126,16.3753,0.013,0.0991,SC Freiburg,1.57419,0.0002,0.0881,74053,5.9992,0.0002,11.6255,2016-12-08 14:00
MNZ,6.0,2.0,5.0,1.27313,-7.0164,57.2587,50.2423,,2950,14.8439,0.0287,0.1511,Mainz,1.62117,0.0,0.0467,74062,7.1174,0.0,12.0387,2016-12-08 14:00
ING,9.0,3.0,1.0,1.24965,-26.1085,57.96,31.8515,,6367,19.3989,0.0003,0.0063,FC Ingolstadt 04,1.31768,0.0,0.6167,79434,8.0874,0.0,6.5137,2016-12-08 14:00
BRE,8.0,2.0,3.0,1.56372,-28.1329,70.4765,42.3436,,137,18.6722,0.0019,0.0154,Werder Bremen,1.5971,0.0,0.3854,74042,6.7485,0.0,8.5793,2016-12-08 14:00
BMU,1.0,3.0,9.0,0.65256,53.6236,24.5701,78.1937,,132,3.6015,0.9894,0.0098,Bayern Munich,2.68316,0.7074,0.0,74078,6.6577,0.7074,23.7408,2016-12-08 14:00
DRM,9.0,2.0,2.0,1.41482,-32.3279,63.4826,31.1547,,3812,20.5298,0.0002,0.003,SV Darmstadt 98,1.20447,0.0,0.6921,74070,6.9042,0.0,6.566,2016-12-08 14:00
MGB,5.0,4.0,3.0,1.01581,-7.3686,46.5746,39.206,,268,13.3457,0.0317,0.1414,Borussia Monchengladbach,1.53156,0.0003,0.0853,74048,9.8121,0.0003,10.8422,2016-12-01 14:00
WLF,6.0,4.0,2.0,1.12227,-10.3884,46.8798,36.4914,,138,15.3215,0.01,0.0674,VfL Wolfsburg,1.5866,0.0,0.1924,74046,9.3139,0.0,9.3646,2016-12-01 14:00
DOR,3.0,3.0,6.0,0.95001,38.9361,36.0282,74.9643,,124,7.1198,0.7885,0.1638,Borussia Dortmund,2.56025,0.1173,0.0001,74050,7.2194,0.1173,19.6608,2016-12-01 14:00
AUG,5.0,4.0,3.0,1.04665,-11.7346,44.702,32.9674,,3841,14.6529,0.0131,0.0711,FC Augsburg,1.26666,0.0,0.1536,74082,9.7619,0.0,9.5852,2016-12-01 14:00
COL,2.0,4.0,6.0,0.97648,10.0928,35.5566,45.6494,,122,9.9685,0.212,0.3318,FC Cologne,1.48914,0.0083,0.0057,74049,9.8647,0.0083,14.1668,2016-12-01 14:00
LEV,6.0,1.0,5.0,1.00023,9.0658,45.1427,54.2085,,131,12.2231,0.2269,0.3508,Bayer Leverkusen,1.93464,0.0054,0.0094,74045,6.2962,0.0054,15.4807,2016-12-01 14:00
HOF,0.0,7.0,5.0,1.2495,5.1453,47.0969,52.2422,,7911,8.702,0.1777,0.3171,TSG Hoffenheim,1.78582,0.0058,0.0052,84341,12.2762,0.0058,13.0218,2016-12-01 14:00
SCH,5.0,2.0,5.0,0.98961,7.6754,39.716,47.3914,,133,12.3442,0.1465,0.3106,Schalke 04,1.68746,0.0038,0.0156,74039,7.5778,0.0038,14.078,2016-12-01 14:00
RBL,0.0,3.0,9.0,0.92144,25.5306,34.0485,59.5791,,11420,6.4586,0.7214,0.205,RB Leipzig,1.79386,0.1414,0.0001,91099,8.4023,0.1414,19.1391,2016-12-01 14:00
HER,2.0,3.0,7.0,0.94799,10.375,36.5617,46.9367,,129,9.5099,0.3071,0.3774,Hertha Berlin,1.49179,0.0143,0.0021,74051,8.9131,0.0143,15.577,2016-12-01 14:00
FRA,2.0,3.0,7.0,0.98612,9.898,36.6873,46.5853,,125,9.7219,0.3161,0.3557,Eintracht Frankfurt,1.56423,0.0182,0.001,74052,8.5413,0.0182,15.7368,2016-12-01 14:00
HSV,8.0,4.0,0.0,1.40911,-35.215,64.9989,29.7839,,127,19.537,0.0001,0.002,Hamburg SV,1.25351,0.0,0.7611,78530,9.1919,0.0,5.2711,2016-12-01 14:00
FRE,7.0,0.0,5.0,1.32734,-17.0222,60.1361,43.1139,,126,17.1283,0.0166,0.0841,SC Freiburg,1.57649,0.0002,0.1154,74053,5.226,0.0002,11.6457,2016-12-01 14:00
MNZ,5.0,2.0,5.0,1.27403,-5.3073,56.0373,50.73,,2950,14.3253,0.0466,0.1776,Mainz,1.64476,0.0005,0.044,74062,7.307,0.0005,12.3677,2016-12-01 14:00
ING,8.0,3.0,1.0,1.231,-24.5961,56.7427,32.1466,,6367,18.6668,0.001,0.0091,FC Ingolstadt 04,1.32433,0.0,0.5543,79434,8.4256,0.0,6.9076,2016-12-01 14:00
BRE,8.0,2.0,2.0,1.57124,-28.9038,70.3973,41.4935,,137,19.0268,0.0014,0.0127,Werder Bremen,1.57485,0.0,0.4766,74042,6.986,0.0,7.9872,2016-12-01 14:00
BMU,1.0,3.0,8.0,0.68225,52.2556,25.0656,77.3212,,132,3.8418,0.9826,0.0156,Bayern Munich,2.71182,0.6845,0.0,74078,6.8802,0.6845,23.278,2016-12-01 14:00
DRM,8.0,2.0,2.0,1.38301,-28.4386,61.8033,33.3647,,3812,19.502,0.0007,0.0068,SV Darmstadt 98,1.2569,0.0,0.5781,74070,7.2122,0.0,7.2858,2016-12-01 14:00
MGB,5.0,3.0,3.0,1.0215,-7.0515,46.9019,39.8504,,268,13.6412,0.0438,0.1578,Borussia Monchengladbach,1.54065,0.0004,0.088,74048,9.0434,0.0004,11.3154,2016-11-24 14:00
WLF,6.0,3.0,2.0,1.08524,-7.7839,45.5599,37.776,,138,15.1157,0.0227,0.1021,VfL Wolfsburg,1.61287,0.0001,0.1677,74046,8.6635,0.0001,10.2208,2016-11-24 14:00
DOR,2.0,3.0,6.0,0.94717,41.1027,35.2316,76.3343,,124,6.313,0.8384,0.1264,Borussia Dortmund,2.58684,0.1851,0.0,74050,7.4316,0.1851,20.2554,2016-11-24 14:00
AUG,5.0,3.0,3.0,1.08222,-13.2618,47.1696,33.9078,,3841,15.3503,0.0146,0.0747,FC Augsburg,1.29262,0.0003,0.1849,74082,8.9305,0.0003,9.7192,2016-11-24 14:00
COL,2.0,3.0,6.0,0.99828,11.1197,36.8245,47.9442,,122,10.1396,0.2667,0.3222,FC Cologne,1.53458,0.0109,0.0046,74049,9.0773,0.0109,14.7831,2016-11-24 14:00
LEV,5.0,1.0,5.0,1.01251,6.1927,46.4944,52.6871,,131,12.4072,0.2127,0.318,Bayer Leverkusen,1.91725,0.0068,0.0116,74045,6.4992,0.0068,15.0936,2016-11-24 14:00
HOF,0.0,6.0,5.0,1.25736,4.9578,47.6024,52.5602,,7911,9.1459,0.1946,0.3058,TSG Hoffenheim,1.79432,0.0077,0.0075,84341,11.4843,0.0077,13.3698,2016-11-24 14:00
SCH,5.0,2.0,4.0,0.97771,6.8539,39.0569,45.9108,,133,12.444,0.1488,0.2749,Schalke 04,1.64702,0.0028,0.0291,74039,7.8243,0.0028,13.7317,2016-11-24 14:00
RBL,0.0,3.0,8.0,0.94204,20.2478,35.3221,55.5699,,11420,7.2158,0.6145,0.2546,RB Leipzig,1.73178,0.0835,0.0,91099,8.7586,0.0835,18.0256,2016-11-24 14:00
HER,2.0,3.0,6.0,0.94999,10.3014,36.2913,46.5927,,129,9.6511,0.298,0.3415,Hertha Berlin,1.47804,0.0137,0.0033,74051,9.1875,0.0137,15.1614,2016-11-24 14:00
FRA,2.0,3.0,6.0,0.99924,7.6633,37.9898,45.6531,,125,10.3829,0.2569,0.327,Eintracht Frankfurt,1.56023,0.012,0.0064,74052,8.7215,0.012,14.8956,2016-11-24 14:00
HSV,8.0,3.0,0.0,1.40769,-35.2741,64.3474,29.0733,,127,19.9322,0.0001,0.0024,Hamburg SV,1.23967,0.0,0.76,78530,8.4818,0.0,5.586,2016-11-24 14:00
FRE,6.0,0.0,5.0,1.27763,-12.3493,56.3881,44.0388,,126,16.1618,0.0339,0.136,SC Freiburg,1.60627,0.0005,0.0829,74053,5.5224,0.0005,12.3158,2016-11-24 14:00
MNZ,4.0,2.0,5.0,1.26175,-4.8989,55.5899,50.691,,2950,13.8303,0.0695,0.1972,Mainz,1.64769,0.0015,0.0403,74062,7.5632,0.0015,12.6065,2016-11-24 14:00
ING,8.0,2.0,1.0,1.25289,-25.5591,57.4573,31.8982,,6367,19.257,0.0019,0.0121,FC Ingolstadt 04,1.28282,0.0,0.5837,79434,7.6424,0.0,7.1006,2016-11-24 14:00
BRE,8.0,1.0,2.0,1.55496,-28.7798,69.8304,41.0506,,137,19.3665,0.0034,0.0177,Werder Bremen,1.5733,0.0,0.4801,74042,6.2468,0.0,8.3867,2016-11-24 14:00
BMU,1.0,3.0,7.0,0.67363,53.8295,24.2956,78.1251,,132,3.7959,0.9788,0.0185,Bayern Munich,2.73767,0.6747,0.0,74078,6.996,0.6747,23.2081,2016-11-24 14:00
DRM,7.0,2.0,2.0,1.34808,-27.3104,60.1491,32.8387,,3812,19.0338,0.0007,0.0111,SV Darmstadt 98,1.24294,0.0,0.5499,74070,7.5573,0.0,7.4089,2016-11-24 14:00
MGB,4.0,3.0,3.0,1.0232,-5.8722,45.9097,40.0375,,268,12.974,0.071,0.1891,Borussia Monchengladbach,1.53937,0.0013,0.0811,74048,9.3208,0.0013,11.7052,2016-11-10 14:00
WLF,5.0,3.0,2.0,1.08517,-4.7162,45.3079,40.5917,,138,14.0622,0.0487,0.1478,VfL Wolfsburg,1.68922,0.0003,0.1175,74046,8.8354,0.0003,11.1024,2016-11-10 14:00
DOR,2.0,3.0,5.0,0.89149,38.6871,35.6417,74.3288,,124,6.7982,0.7861,0.1539,Borussia Dortmund,2.49266,0.1135,0.0002,74050,7.817,0.1135,19.3848,2016-11-10 14:00
AUG,5.0,2.0,3.0,1.10158,-13.025,48.4935,35.4685,,3841,15.6674,0.022,0.087,FC Augsburg,1.33088,0.0001,0.1855,74082,8.2059,0.0001,10.1267,2016-11-10 14:00
COL,2.0,3.0,5.0,0.9826,10.012,36.5101,46.5221,,122,10.4926,0.23,0.2969,FC Cologne,1.51834,0.0067,0.0136,74049,9.4027,0.0067,14.1047,2016-11-10 14:00
LEV,4.0,1.0,5.0,0.96014,9.08,42.8592,51.9392,,131,11.3014,0.3205,0.3136,Bayer Leverkusen,1.90455,0.0138,0.0077,74045,6.8104,0.0138,15.8882,2016-11-10 14:00
HOF,0.0,5.0,5.0,1.20084,8.3459,44.5486,52.8945,,7911,8.8055,0.2756,0.3223,TSG Hoffenheim,1.79384,0.0108,0.0061,84341,10.8004,0.0108,14.3941,2016-11-10 14:00
SCH,5.0,2.0,3.0,1.03161,3.0602,42.0539,45.1141,,133,13.4248,0.0889,0.2181,Schalke 04,1.64693,0.0014,0.0615,74039,8.0892,0.0014,12.486,2016-11-10 14:00
RBL,0.0,3.0,7.0,0.93097,17.2631,34.7328,51.9959,,11420,7.8991,0.5175,0.2802,RB Leipzig,1.6637,0.0446,0.0007,91099,9.1572,0.0446,16.9437,2016-11-10 14:00
HER,2.0,2.0,6.0,0.98113,9.5095,38.1405,47.65,,129,10.2273,0.3023,0.3206,Hertha Berlin,1.5021,0.0138,0.0068,74051,8.4527,0.0138,15.32,2016-11-10 14:00
FRA,2.0,3.0,5.0,1.01003,6.2686,38.584,44.8526,,125,10.8251,0.2261,0.2844,Eintracht Frankfurt,1.5589,0.0073,0.0134,74052,9.0252,0.0073,14.1497,2016-11-10 14:00
HSV,8.0,2.0,0.0,1.40729,-37.7972,64.7307,26.9335,,127,20.8542,0.0,0.0018,Hamburg SV,1.1837,0.0,0.8046,78530,7.6779,0.0,5.4679,2016-11-10 14:00
FRE,5.0,0.0,5.0,1.23379,-10.6916,53.0096,42.318,,126,15.5803,0.0535,0.1532,SC Freiburg,1.55183,0.0012,0.0742,74053,5.8561,0.0012,12.5636,2016-11-10 14:00
MNZ,4.0,2.0,4.0,1.21602,-6.6838,53.9596,47.2758,,2950,14.1099,0.0616,0.1647,Mainz,1.59496,0.0007,0.0732,74062,7.8984,0.0007,11.9917,2016-11-10 14:00
ING,8.0,2.0,0.0,1.28423,-27.8001,59.5425,31.7424,,6367,19.9063,0.0008,0.0085,FC Ingolstadt 04,1.28131,0.0,0.6869,79434,7.8739,0.0,6.2198,2016-11-10 14:00
BRE,7.0,1.0,2.0,1.55364,-27.0679,68.7378,41.6699,,137,18.593,0.0041,0.0258,Werder Bremen,1.5881,0.0,0.4055,74042,6.5466,0.0,8.8604,2016-11-10 14:00
BMU,0.0,3.0,7.0,0.62784,56.8525,23.9431,80.7956,,132,2.9204,0.9887,0.0103,Bayern Munich,2.82796,0.7844,0.0,74078,7.1846,0.7844,23.895,2016-11-10 14:00
DRM,6.0,2.0,2.0,1.34651,-25.4249,60.0481,34.6232,,3812,18.1839,0.0026,0.0218,SV Darmstadt 98,1.2741,0.0001,0.4615,74070,7.7944,0.0001,8.0217,2016-11-10 14:00
MGB,3.0,3.0,3.0,0.9797,-0.4417,42.4227,41.981,,268,11.8123,0.1355,0.2428,Borussia Monchengladbach,1.5725,0.0014,0.0514,74048,9.5966,0.0014,12.5911,2016-11-03 14:00
WLF,5.0,3.0,1.0,1.12937,-11.0287,48.5481,37.5194,,138,15.1582,0.0301,0.096,VfL Wolfsburg,1.63323,0.0001,0.2135,74046,9.0666,0.0001,9.7752,2016-11-03 14:00
DOR,2.0,3.0,4.0,0.85344,35.8657,34.1203,69.986,,124,7.0046,0.7482,0.171,Borussia Dortmund,2.42606,0.0744,0.0007,74050,8.1707,0.0744,18.8247,2016-11-03 14:00
AUG,5.0,2.0,2.0,1.14033,-17.0328,51.0673,34.0345,,3841,16.4784,0.0146,0.063,FC Augsburg,1.31356,0.0,0.3001,74082,8.3768,0.0,9.1448,2016-11-03 14:00
COL,1.0,3.0,5.0,1.0005,10.064,37.4693,47.5333,,122,10.1137,0.2661,0.2907,FC Cologne,1.55143,0.0072,0.0115,74049,9.6129,0.0072,14.2734,2016-11-03 14:00
LEV,4.0,1.0,4.0,0.91981,11.912,39.6826,51.5946,,131,10.9657,0.3713,0.2893,Bayer Leverkusen,1.89982,0.0122,0.0106,74045,6.9825,0.0122,16.0518,2016-11-03 14:00
HOF,0.0,4.0,5.0,1.23467,2.7562,48.2835,51.0397,,7911,10.2886,0.2124,0.2993,TSG Hoffenheim,1.79326,0.0065,0.0115,84341,9.8116,0.0065,13.8998,2016-11-03 14:00
SCH,5.0,2.0,2.0,1.02944,1.7335,41.9434,43.6769,,133,13.6564,0.0965,0.1953,Schalke 04,1.62362,0.0004,0.0877,74039,8.2648,0.0004,12.0788,2016-11-03 14:00
RBL,0.0,3.0,6.0,0.9323,15.0217,34.7072,49.7289,,11420,8.281,0.4647,0.2898,RB Leipzig,1.59874,0.0244,0.0017,91099,9.4535,0.0244,16.2655,2016-11-03 14:00
HER,2.0,2.0,5.0,1.00539,4.7314,39.9423,44.6737,,129,10.9498,0.2291,0.295,Hertha Berlin,1.44534,0.0072,0.0182,74051,8.7459,0.0072,14.3043,2016-11-03 14:00
FRA,2.0,3.0,4.0,1.03498,5.7685,39.7595,45.528,,125,11.064,0.2097,0.2652,Eintracht Frankfurt,1.58354,0.0044,0.0226,74052,9.2763,0.0044,13.6597,2016-11-03 14:00
HSV,7.0,2.0,0.0,1.36446,-34.9049,60.7691,25.8642,,127,20.2413,0.0001,0.0049,Hamburg SV,1.13792,0.0,0.7549,78530,7.9873,0.0,5.7714,2016-11-03 14:00
FRE,4.0,0.0,5.0,1.1892,-4.9497,49.7707,44.821,,126,14.3424,0.1115,0.2208,SC Freiburg,1.60866,0.0024,0.0481,74053,6.1421,0.0024,13.5155,2016-11-03 14:00
MNZ,3.0,2.0,4.0,1.16421,-4.1407,51.2673,47.1266,,2950,13.3828,0.1011,0.1926,Mainz,1.59688,0.0016,0.0569,74062,8.1654,0.0016,12.4518,2016-11-03 14:00
ING,7.0,2.0,0.0,1.26735,-23.7797,57.8205,34.0408,,6367,18.8152,0.0029,0.0204,FC Ingolstadt 04,1.32427,0.0,0.5704,79434,8.1998,0.0,6.985,2016-11-03 14:00
BRE,6.0,1.0,2.0,1.53132,-25.3987,66.959,41.5603,,137,18.053,0.0081,0.0373,Werder Bremen,1.58517,0.0001,0.3632,74042,6.791,0.0001,9.156,2016-11-03 14:00
BMU,0.0,2.0,7.0,0.62755,60.6664,22.952,83.6184,,132,2.8747,0.9947,0.005,Bayern Munich,2.89328,0.8577,0.0,74078,6.183,0.8577,24.9423,2016-11-03 14:00
DRM,5.0,2.0,2.0,1.34285,-26.8425,59.128,32.2855,,3812,18.1174,0.0034,0.0216,SV Darmstadt 98,1.22538,0.0,0.477,74070,7.9742,0.0,7.9084,2016-11-03 14:00
MGB,3.0,2.0,3.0,1.02851,0.0715,45.1032,45.1747,,268,12.1844,0.1765,0.2462,Borussia Monchengladbach,1.65473,0.0047,0.0579,74048,8.6349,0.0047,13.1807,2016-10-27 14:00
WLF,4.0,3.0,1.0,1.10239,-8.219,46.9909,38.7719,,138,14.135,0.0622,0.1432,VfL Wolfsburg,1.65045,0.0006,0.1816,74046,9.3344,0.0006,10.5306,2016-10-27 14:00
DOR,2.0,2.0,4.0,0.89347,40.4934,35.6218,76.1152,,124,6.9018,0.8289,0.1236,Borussia Dortmund,2.57243,0.1386,0.0005,74050,6.9639,0.1386,20.1343,2016-10-27 14:00
AUG,4.0,2.0,2.0,1.11656,-15.0227,49.5908,34.5681,,3841,15.8661,0.0288,0.0847,FC Augsburg,1.30324,0.0001,0.2922,74082,8.5859,0.0001,9.548,2016-10-27 14:00
COL,1.0,3.0,4.0,1.02167,7.2597,38.9816,46.2413,,122,10.4732,0.2486,0.2795,FC Cologne,1.51199,0.0068,0.0286,74049,9.7528,0.0068,13.774,2016-10-27 14:00
LEV,4.0,1.0,3.0,0.97227,7.68,42.213,49.893,,131,11.95,0.2663,0.2904,Bayer Leverkusen,1.84886,0.0086,0.0319,74045,7.287,0.0086,14.763,2016-10-27 14:00
HOF,0.0,4.0,4.0,1.27879,1.1038,50.7515,51.8553,,7911,10.8385,0.1889,0.2699,TSG Hoffenheim,1.79513,0.0067,0.0301,84341,9.9581,0.0067,13.2034,2016-10-27 14:00
SCH,5.0,1.0,2.0,1.0838,-2.0359,46.6674,44.6315,,133,14.8867,0.0767,0.1725,Schalke 04,1.66575,0.0006,0.1415,74039,7.3687,0.0006,11.7446,2016-10-27 14:00
RBL,0.0,3.0,5.0,0.98105,10.861,37.7587,48.6197,,11420,9.1228,0.3721,0.2972,RB Leipzig,1.57722,0.0204,0.0099,91099,9.6668,0.0204,15.2104,2016-10-27 14:00
HER,1.0,2.0,5.0,1.00663,6.6693,40.535,47.2043,,129,10.128,0.3171,0.2943,Hertha Berlin,1.49467,0.0148,0.0153,74051,8.9276,0.0148,14.9444,2016-10-27 14:00
FRA,2.0,2.0,4.0,1.08454,4.439,43.193,47.632,,125,11.8,0.2201,0.2592,Eintracht Frankfurt,1.63029,0.0067,0.0378,74052,8.3701,0.0067,13.8299,2016-10-27 14:00
HSV,6.0,2.0,0.0,1.32854,-31.6045,58.9062,27.3017,,127,19.5803,0.0016,0.0131,Hamburg SV,1.16098,0.0,0.7136,78530,8.2484,0.0,6.1713,2016-10-27 14:00
FRE,4.0,0.0,4.0,1.20553,-7.5938,50.799,43.2052,,126,14.8493,0.0943,0.1889,SC Freiburg,1.58125,0.0018,0.0932,74053,6.4173,0.0018,12.7334,2016-10-27 14:00
MNZ,3.0,2.0,3.0,1.20894,-6.0127,53.4319,47.4192,,2950,13.7565,0.0928,0.1814,Mainz,1.59523,0.0022,0.1072,74062,8.3505,0.0022,11.893,2016-10-27 14:00
ING,6.0,2.0,0.0,1.26595,-21.2281,57.3842,36.1561,,6367,18.0339,0.0066,0.034,FC Ingolstadt 04,1.37319,0.0001,0.5246,79434,8.4596,0.0001,7.5065,2016-10-27 14:00
BRE,5.0,1.0,2.0,1.5049,-22.6585,65.6486,42.9901,,137,17.2505,0.0192,0.0673,Werder Bremen,1.60522,0.0,0.3281,74042,7.029,0.0,9.7205,2016-10-27 14:00
BMU,0.0,2.0,6.0,0.63225,58.847,23.0334,81.8804,,132,3.1224,0.9895,0.0097,Bayern Munich,2.81074,0.7873,0.0,74078,6.4374,0.7873,24.4402,2016-10-27 14:00
DRM,4.0,2.0,2.0,1.3239,-23.0495,58.0746,35.0251,,3812,17.0691,0.0098,0.0449,SV Darmstadt 98,1.28379,0.0,0.406,74070,8.3106,0.0,8.6203,2016-10-27 14:00
MGB,2.0,2.0,3.0,1.04271,-1.8018,46.501,44.6992,,268,12.3579,0.1526,0.2505,Borussia Monchengladbach,1.68518,0.0033,0.0635,74048,8.7188,0.0033,12.9233,2016-10-20 14:00
WLF,3.0,3.0,1.0,1.04738,-2.9384,42.9925,40.0541,,138,12.8175,0.1106,0.2064,VfL Wolfsburg,1.68101,0.0021,0.1222,74046,9.6367,0.0021,11.5458,2016-10-20 14:00
DOR,2.0,1.0,4.0,0.82732,42.0531,31.9411,73.9942,,124,6.8692,0.8514,0.1107,Borussia Dortmund,2.51533,0.1765,0.0003,74050,6.2989,0.1765,20.8319,2016-10-20 14:00
AUG,3.0,2.0,2.0,1.10696,-14.1844,48.5115,34.3271,,3841,15.2526,0.0354,0.1113,FC Augsburg,1.28968,0.0006,0.2471,74082,8.8991,0.0006,9.8483,2016-10-20 14:00
COL,0.0,3.0,4.0,1.00559,8.3838,37.4991,45.8829,,122,9.7906,0.2798,0.2934,FC Cologne,1.50443,0.0124,0.022,74049,10.1329,0.0124,14.0765,2016-10-20 14:00
LEV,3.0,1.0,3.0,0.92258,17.4485,37.1613,54.6098,,131,10.1028,0.4529,0.2852,Bayer Leverkusen,1.93658,0.0274,0.0128,74045,7.3263,0.0274,16.5709,2016-10-20 14:00
HOF,0.0,4.0,3.0,1.34564,-7.5265,54.9212,47.3947,,7911,12.31,0.0864,0.2022,TSG Hoffenheim,1.71853,0.0016,0.0842,84341,10.1934,0.0016,11.4966,2016-10-20 14:00
SCH,5.0,1.0,1.0,1.11514,-7.0533,49.0057,41.9524,,133,15.6645,0.0508,0.1378,Schalke 04,1.63638,0.0007,0.2059,74039,7.5676,0.0007,10.7679,2016-10-20 14:00
RBL,0.0,3.0,4.0,0.98217,8.5042,38.0009,46.5051,,11420,9.5231,0.3144,0.2965,RB Leipzig,1.53616,0.0142,0.0185,91099,9.9325,0.0142,14.5444,2016-10-20 14:00
HER,1.0,2.0,4.0,1.00092,5.8744,40.2353,46.1097,,129,10.4456,0.2823,0.2864,Hertha Berlin,1.47374,0.0105,0.0262,74051,9.2048,0.0105,14.3496,2016-10-20 14:00
FRA,2.0,2.0,3.0,1.13544,-1.8629,46.1522,44.2893,,125,12.8361,0.1398,0.2172,Eintracht Frankfurt,1.58086,0.0045,0.0809,74052,8.6088,0.0045,12.5551,2016-10-20 14:00
HSV,5.0,2.0,0.0,1.28595,-26.4498,55.8314,29.3816,,127,18.4086,0.0045,0.0245,Hamburg SV,1.21426,0.0,0.5864,78530,8.6583,0.0,6.9331,2016-10-20 14:00
FRE,4.0,0.0,3.0,1.19269,-7.9369,50.2883,42.3514,,126,15.0579,0.0812,0.1847,SC Freiburg,1.56896,0.0013,0.1228,74053,6.6992,0.0013,12.2429,2016-10-20 14:00
MNZ,2.0,2.0,3.0,1.18563,-1.6928,50.8845,49.1917,,2950,12.8472,0.129,0.2306,Mainz,1.6364,0.0036,0.0745,74062,8.6024,0.0036,12.5504,2016-10-20 14:00
ING,6.0,1.0,0.0,1.23276,-22.9838,55.6978,32.714,,6367,18.7813,0.0057,0.0364,FC Ingolstadt 04,1.28502,0.0,0.5557,79434,7.7433,0.0,7.4754,2016-10-20 14:00
BRE,4.0,1.0,2.0,1.46523,-20.1419,63.079,42.9371,,137,16.527,0.0286,0.0852,Werder Bremen,1.6068,0.0003,0.2554,74042,7.3281,0.0003,10.1449,2016-10-20 14:00
BMU,0.0,2.0,5.0,0.64856,59.3911,23.4255,82.8166,,132,3.1968,0.9887,0.0102,Bayern Munich,2.84102,0.741,0.0,74078,6.5323,0.741,24.2709,2016-10-20 14:00
DRM,4.0,2.0,1.0,1.34992,-27.0826,59.0506,31.968,,3812,17.9064,0.0059,0.0308,SV Darmstadt 98,1.22273,0.0,0.5216,74070,8.5264,0.0,7.5672,2016-10-20 14:00
MGB,2.0,1.0,3.0,1.12501,-3.7985,50.1674,46.3689,,268,13.1923,0.1431,0.2368,Borussia Monchengladbach,1.68782,0.0029,0.0691,74048,7.8062,0.0029,13.0015,2016-10-06 14:00
WLF,2.0,3.0,1.0,1.03916,1.4946,42.1943,43.6889,,138,11.532,0.1728,0.2647,VfL Wolfsburg,1.75356,0.0033,0.0709,74046,9.8066,0.0033,12.6614,2016-10-06 14:00
DOR,2.0,0.0,4.0,0.83129,45.5101,31.096,76.6061,,124,6.8039,0.8835,0.0863,Borussia Dortmund,2.54859,0.1992,0.0004,74050,5.295,0.1992,21.9011,2016-10-06 14:00
AUG,3.0,1.0,2.0,1.11898,-13.5762,48.713,35.1368,,3841,15.4805,0.0419,0.1266,FC Augsburg,1.3146,0.0005,0.2311,74082,8.1738,0.0005,10.3457,2016-10-06 14:00
COL,0.0,3.0,3.0,0.99419,8.3178,36.8964,45.2142,,122,9.9196,0.2546,0.2882,FC Cologne,1.46665,0.0081,0.0338,74049,10.4496,0.0081,13.6308,2016-10-06 14:00
LEV,2.0,1.0,3.0,0.92811,20.6982,36.3066,57.0048,,131,9.1867,0.5446,0.254,Bayer Leverkusen,2.002,0.0359,0.0082,74045,7.38,0.0359,17.4333,2016-10-06 14:00
HOF,0.0,4.0,2.0,1.36472,-8.2979,55.5493,47.2514,,7911,12.6402,0.0729,0.1877,TSG Hoffenheim,1.71153,0.0013,0.1114,84341,10.4038,0.0013,10.956,2016-10-06 14:00
SCH,5.0,0.0,1.0,1.13769,-7.2659,49.8455,42.5796,,133,16.066,0.0614,0.1476,Schalke 04,1.65225,0.0008,0.2018,74039,6.7857,0.0008,11.1483,2016-10-06 14:00
RBL,0.0,3.0,3.0,1.03197,4.7367,41.2575,45.9942,,11420,10.5121,0.2222,0.2739,RB Leipzig,1.52541,0.0084,0.0369,91099,10.1294,0.0084,13.3585,2016-10-06 14:00
HER,1.0,1.0,4.0,1.01956,2.3196,42.7518,45.0714,,129,11.5875,0.2238,0.2859,Hertha Berlin,1.46799,0.0056,0.0401,74051,8.3681,0.0056,14.0444,2016-10-06 14:00
FRA,2.0,1.0,3.0,1.14704,-5.0237,46.7795,41.7558,,125,13.8713,0.111,0.2028,Eintracht Frankfurt,1.49311,0.0023,0.1021,74052,7.8135,0.0023,12.3152,2016-10-06 14:00
HSV,5.0,1.0,0.0,1.29399,-26.7498,57.7248,30.975,,127,18.8395,0.0062,0.0297,Hamburg SV,1.2524,0.0001,0.5696,78530,7.8611,0.0001,7.2994,2016-10-06 14:00
FRE,3.0,0.0,3.0,1.18731,-6.6032,49.7322,43.129,,126,14.3614,0.1101,0.2118,SC Freiburg,1.59028,0.0016,0.0948,74053,6.9143,0.0016,12.7243,2016-10-06 14:00
MNZ,2.0,2.0,2.0,1.15148,-0.3834,49.615,49.2316,,2950,12.6968,0.1289,0.2379,Mainz,1.61313,0.0023,0.0862,74062,8.9212,0.0023,12.382,2016-10-06 14:00
ING,5.0,1.0,0.0,1.19998,-22.0236,54.423,32.3994,,6367,18.1413,0.0096,0.0459,FC Ingolstadt 04,1.27157,0.0,0.4997,79434,8.0873,0.0,7.7714,2016-10-06 14:00
BRE,4.0,1.0,1.0,1.49054,-22.9036,64.5218,41.6182,,137,17.2739,0.0165,0.0716,Werder Bremen,1.57832,0.0002,0.3625,74042,7.5087,0.0002,9.2174,2016-10-06 14:00
BMU,0.0,1.0,5.0,0.58625,60.7407,21.7815,82.5222,,132,3.2435,0.99,0.0091,Bayern Munich,2.81281,0.7275,0.0,74078,5.786,0.7275,24.9705,2016-10-06 14:00
DRM,3.0,2.0,1.0,1.3297,-27.1919,58.5807,31.3888,,3812,17.5267,0.0069,0.0395,SV Darmstadt 98,1.18786,0.0,0.4814,74070,8.7593,0.0,7.714,2016-10-06 14:00
MGB,1.0,1.0,3.0,1.05248,5.1187,44.5108,49.6295,,268,11.5633,0.2563,0.2871,Borussia Monchengladbach,1.73054,0.0061,0.0369,74048,8.0425,0.0061,14.3942,2016-09-29 14:00
WLF,2.0,2.0,1.0,1.07652,2.4204,44.1086,46.529,,138,11.776,0.2149,0.2608,VfL Wolfsburg,1.79856,0.0036,0.0666,74046,8.8951,0.0036,13.3289,2016-09-29 14:00
DOR,1.0,0.0,4.0,0.82394,49.338,29.9733,79.3113,,124,5.9038,0.9177,0.064,Borussia Dortmund,2.6267,0.2099,0.0002,74050,5.4764,0.2099,22.6198,2016-09-29 14:00
AUG,2.0,1.0,2.0,1.11014,-12.7849,48.0386,35.2537,,3841,14.8975,0.0568,0.1496,FC Augsburg,1.3207,0.0008,0.1942,74082,8.4245,0.0008,10.678,2016-09-29 14:00
COL,0.0,2.0,3.0,1.00714,2.8251,40.0399,42.865,,122,11.4156,0.1901,0.2635,FC Cologne,1.42544,0.0026,0.0536,74049,9.5615,0.0026,13.0229,2016-09-29 14:00
LEV,2.0,1.0,2.0,0.96534,15.4857,39.7844,55.2701,,131,10.1286,0.4215,0.2863,Bayer Leverkusen,1.98842,0.0143,0.018,74045,7.7186,0.0143,16.1528,2016-09-29 14:00
HOF,0.0,4.0,1.0,1.35971,-9.9585,55.9023,45.9438,,7911,13.096,0.0639,0.1509,TSG Hoffenheim,1.6751,0.0006,0.1601,84341,10.7271,0.0006,10.1769,2016-09-29 14:00
SCH,5.0,0.0,0.0,1.1699,-15.2926,52.8729,37.5803,,133,17.2167,0.0315,0.1031,Schalke 04,1.55685,0.0001,0.3251,74039,7.0879,0.0001,9.6954,2016-09-29 14:00
RBL,0.0,3.0,2.0,1.03714,4.2901,41.3561,45.6462,,11420,10.7703,0.2042,0.2702,RB Leipzig,1.51442,0.0035,0.0521,91099,10.3502,0.0035,12.8795,2016-09-29 14:00
HER,1.0,1.0,3.0,1.02053,0.7645,43.6225,44.387,,129,11.883,0.2054,0.265,Hertha Berlin,1.45643,0.0035,0.0543,74051,8.5893,0.0035,13.5277,2016-09-29 14:00
FRA,1.0,1.0,3.0,1.17577,-4.9184,48.43,43.5116,,125,13.4095,0.1323,0.2184,Eintracht Frankfurt,1.53126,0.0015,0.0887,74052,8.0448,0.0015,12.5457,2016-09-29 14:00
HSV,4.0,1.0,0.0,1.28344,-25.1236,56.9418,31.8182,,127,18.3301,0.0088,0.0391,Hamburg SV,1.25351,0.0,0.5273,78530,8.1467,0.0,7.5232,2016-09-29 14:00
FRE,3.0,0.0,2.0,1.21975,-6.9529,51.6017,44.6488,,126,14.6385,0.1062,0.201,SC Freiburg,1.62653,0.0011,0.1257,74053,7.0505,0.0011,12.311,2016-09-29 14:00
MNZ,2.0,1.0,2.0,1.18472,-0.8716,51.9577,51.0861,,2950,13.2124,0.1436,0.2318,Mainz,1.664,0.0031,0.0854,74062,8.0932,0.0031,12.6944,2016-09-29 14:00
ING,4.0,1.0,0.0,1.1718,-19.508,52.7148,33.2068,,6367,17.1474,0.0201,0.0725,FC Ingolstadt 04,1.26681,0.0002,0.4192,79434,8.4561,0.0002,8.3965,2016-09-29 14:00
BRE,4.0,0.0,1.0,1.48985,-22.7747,63.6861,40.9114,,137,17.6291,0.023,0.0792,Werder Bremen,1.55576,0.0001,0.3437,74042,6.7608,0.0001,9.6101,2016-09-29 14:00
BMU,0.0,0.0,5.0,0.56305,64.3866,20.8436,85.2302,,132,3.1692,0.9928,0.0065,Bayern Munich,2.84103,0.749,0.0,74078,4.7854,0.749,26.0454,2016-09-29 14:00
DRM,3.0,1.0,1.0,1.30978,-26.4439,57.5271,31.0832,,3812,17.6762,0.0109,0.051,SV Darmstadt 98,1.18727,0.0,0.4489,74070,8.063,0.0,8.2608,2016-09-29 14:00
MGB,1.0,1.0,2.0,1.09775,2.4239,46.947,49.3709,,268,12.0782,0.2099,0.2662,Borussia Monchengladbach,1.76267,0.0062,0.0604,74048,8.2511,0.0062,13.6707,2016-09-22 14:00
WLF,1.0,2.0,1.0,1.06757,5.5504,42.6951,48.2455,,138,10.782,0.2752,0.2731,VfL Wolfsburg,1.84108,0.0079,0.0457,74046,9.0694,0.0079,14.1486,2016-09-22 14:00
DOR,1.0,0.0,3.0,0.81805,51.4059,28.7299,80.1358,,124,5.7317,0.9228,0.0588,Borussia Dortmund,2.6266,0.2502,0.0003,74050,5.4976,0.2502,22.7707,2016-09-22 14:00
AUG,2.0,1.0,1.0,1.14698,-14.3876,50.3152,35.9276,,3841,15.3812,0.0456,0.1263,FC Augsburg,1.32391,0.0004,0.2377,74082,8.5716,0.0004,10.0472,2016-09-22 14:00
COL,0.0,1.0,3.0,1.00284,4.4171,39.7554,44.1725,,122,11.4538,0.2265,0.2709,FC Cologne,1.45729,0.0067,0.046,74049,8.7578,0.0067,13.7884,2016-09-22 14:00
LEV,2.0,1.0,1.0,0.98177,11.8448,40.24,52.0848,,131,10.9401,0.3272,0.2849,Bayer Leverkusen,1.93273,0.0108,0.0385,74045,8.0964,0.0108,14.9635,2016-09-22 14:00
HOF,0.0,4.0,0.0,1.37101,-10.9076,56.581,45.6734,,7911,13.4504,0.0534,0.1341,TSG Hoffenheim,1.67807,0.0005,0.2071,84341,10.9622,0.0005,9.5874,2016-09-22 14:00
SCH,4.0,0.0,0.0,1.17219,-14.1934,52.4265,38.2331,,133,16.5731,0.0408,0.1231,Schalke 04,1.56932,0.0003,0.2816,74039,7.3324,0.0003,10.0945,2016-09-22 14:00
RBL,0.0,2.0,2.0,1.06272,2.4684,42.6249,45.0933,,11420,11.4972,0.1855,0.2616,RB Leipzig,1.50871,0.0038,0.0656,91099,9.6481,0.0038,12.8547,2016-09-22 14:00
HER,1.0,0.0,3.0,0.97245,1.4069,40.3688,41.7757,,129,12.0461,0.2245,0.2635,Hertha Berlin,1.40162,0.0065,0.0506,74051,7.9808,0.0065,13.9731,2016-09-22 14:00
FRA,1.0,0.0,3.0,1.12864,-4.1543,45.2087,41.0544,,125,13.5748,0.1505,0.2237,Eintracht Frankfurt,1.46752,0.0042,0.0861,74052,7.4185,0.0042,13.0067,2016-09-22 14:00
HSV,3.0,1.0,0.0,1.31622,-25.074,58.8361,33.7621,,127,17.8914,0.0131,0.0493,Hamburg SV,1.29454,0.0,0.485,78530,8.2658,0.0,7.8428,2016-09-22 14:00
FRE,2.0,0.0,2.0,1.21522,-8.626,51.8173,43.1913,,126,14.7487,0.0908,0.1918,SC Freiburg,1.63004,0.001,0.1356,74053,7.1768,0.001,12.0745,2016-09-22 14:00
MNZ,1.0,1.0,2.0,1.1313,1.886,48.6798,50.5658,,2950,12.2305,0.1877,0.2563,Mainz,1.65494,0.0044,0.0616,74062,8.4112,0.0044,13.3583,2016-09-22 14:00
ING,3.0,1.0,0.0,1.18603,-18.2568,52.8787,34.6219,,6367,16.7403,0.0246,0.083,FC Ingolstadt 04,1.30223,0.0,0.3767,79434,8.5523,0.0,8.7074,2016-09-22 14:00
BRE,4.0,0.0,0.0,1.52678,-25.4766,65.1321,39.6555,,137,18.327,0.0158,0.0566,Werder Bremen,1.54417,0.0,0.4356,74042,7.0178,0.0,8.6552,2016-09-22 14:00
BMU,0.0,0.0,4.0,0.58708,64.6519,22.5182,87.1701,,132,3.446,0.9888,0.0104,Bayern Munich,2.93612,0.697,0.0,74078,4.9548,0.697,25.5992,2016-09-22 14:00
DRM,2.0,1.0,1.0,1.31298,-24.979,57.7078,32.7288,,3812,16.9253,0.0173,0.0664,SV Darmstadt 98,1.22582,0.0001,0.3859,74070,8.3998,0.0001,8.6749,2016-09-22 14:00
MGB,1.0,0.0,1.0,1.11674,-0.3647,47.7394,47.3747,,268,12.8159,0.1936,0.2472,Borussia Monchengladbach,1.73999,0.0069,0.0867,74048,7.7143,0.0069,13.4698,2016-09-15 14:00
WLF,0.0,1.0,1.0,1.05868,9.0577,40.6713,49.729,,138,10.6243,0.3214,0.2578,VfL Wolfsburg,1.82,0.0205,0.0482,74046,8.6288,0.0205,14.7469,2016-09-15 14:00
DOR,1.0,0.0,1.0,0.81885,39.915,29.4035,69.3185,,124,6.4378,0.8407,0.1135,Borussia Dortmund,2.42777,0.1674,0.0009,74050,6.2406,0.1674,21.3216,2016-09-15 14:00
AUG,1.0,0.0,1.0,1.14796,-11.3169,49.7971,38.4802,,3841,14.9422,0.0812,0.1629,FC Augsburg,1.3919,0.0023,0.2085,74082,8.0319,0.0023,11.0259,2016-09-15 14:00
COL,0.0,1.0,1.0,1.01607,-3.6727,42.3072,38.6345,,122,12.841,0.1336,0.2124,FC Cologne,1.35089,0.0031,0.1361,74049,9.3814,0.0031,11.7776,2016-09-15 14:00
LEV,1.0,0.0,1.0,0.98532,17.4594,39.3471,56.8065,,131,9.907,0.4609,0.2546,Bayer Leverkusen,1.99918,0.0342,0.0201,74045,7.3863,0.0342,16.7067,2016-09-15 14:00
HOF,0.0,2.0,0.0,1.40779,-10.6573,59.1775,48.5202,,7911,14.2159,0.0709,0.1592,TSG Hoffenheim,1.74043,0.0012,0.2056,84341,9.35,0.0012,10.4341,2016-09-15 14:00
SCH,2.0,0.0,0.0,1.12021,-6.884,47.8435,40.9595,,133,14.6323,0.1059,0.1826,Schalke 04,1.6077,0.002,0.1961,74039,7.8937,0.002,11.474,2016-09-15 14:00
RBL,0.0,1.0,1.0,1.10851,-5.4543,46.3555,40.9012,,11420,13.0438,0.1251,0.2135,RB Leipzig,1.44357,0.0035,0.1365,91099,9.1599,0.0035,11.7963,2016-09-15 14:00
HER,0.0,0.0,2.0,0.9889,0.3207,41.614,41.9347,,129,12.1961,0.211,0.2495,Hertha Berlin,1.43274,0.0057,0.0753,74051,8.283,0.0057,13.5209,2016-09-15 14:00
FRA,1.0,0.0,1.0,1.17536,-10.8167,48.8487,38.032,,125,15.1118,0.084,0.1547,Eintracht Frankfurt,1.41621,0.0021,0.2115,74052,7.8924,0.0021,10.9958,2016-09-15 14:00
HSV,1.0,1.0,0.0,1.26456,-17.0999,54.7725,37.6726,,127,16.0058,0.0404,0.1029,Hamburg SV,1.3566,0.0004,0.3343,78530,8.8371,0.0004,9.1571,2016-09-15 14:00
FRE,1.0,0.0,1.0,1.20598,-2.9304,49.8675,46.9371,,126,13.7811,0.1409,0.2167,SC Freiburg,1.68758,0.0049,0.125,74053,7.6811,0.0049,12.5378,2016-09-15 14:00
MNZ,1.0,1.0,0.0,1.18226,-5.5368,51.9939,46.4571,,2950,13.8364,0.1044,0.1826,Mainz,1.6116,0.0017,0.1723,74062,8.9218,0.0017,11.2418,2016-09-15 14:00
ING,1.0,1.0,0.0,1.19636,-18.6948,52.9921,34.2973,,6367,16.3014,0.0288,0.0947,FC Ingolstadt 04,1.24969,0.0003,0.3753,79434,8.9295,0.0003,8.7691,2016-09-15 14:00
BRE,2.0,0.0,0.0,1.48018,-20.0366,61.3247,41.2881,,137,16.7823,0.0366,0.0984,Werder Bremen,1.58353,0.0006,0.3279,74042,7.5636,0.0006,9.6541,2016-09-15 14:00
BMU,0.0,0.0,2.0,0.54792,66.4951,21.5393,88.0344,,132,3.3139,0.9899,0.0093,Bayern Munich,2.93751,0.7428,0.0,74078,5.0777,0.7428,25.6084,2016-09-15 14:00
DRM,1.0,0.0,1.0,1.25521,-19.7828,53.6601,33.8773,,3812,16.8071,0.0307,0.0875,SV Darmstadt 98,1.27698,0.0004,0.3397,74070,7.8347,0.0004,9.3582,2016-09-15 14:00
MGB,0.0,0.0,1.0,1.05156,7.9965,42.4821,50.4786,,268,10.9565,0.3151,0.2727,Borussia Monchengladbach,1.81142,0.0213,0.0444,74048,7.9175,0.0213,15.126,2016-09-01 14:00
WLF,0.0,0.0,1.0,1.08062,10.4396,41.9319,52.3715,,138,10.7714,0.3389,0.2761,VfL Wolfsburg,1.86698,0.0262,0.0419,74046,7.7645,0.0262,15.4641,2016-09-01 14:00
DOR,0.0,0.0,1.0,0.8562,38.3969,31.0397,69.4366,,124,6.1631,0.8138,0.127,Borussia Dortmund,2.38567,0.2009,0.0019,74050,6.6044,0.2009,21.2325,2016-09-01 14:00
AUG,1.0,0.0,0.0,1.16144,-14.0588,50.8635,36.8047,,3841,15.6293,0.0555,0.1342,FC Augsburg,1.37005,0.0019,0.2694,74082,8.336,0.0019,10.0347,2016-09-01 14:00
COL,0.0,0.0,1.0,1.04709,-5.1441,44.773,39.6289,,122,13.5637,0.1164,0.2099,FC Cologne,1.37682,0.0035,0.1447,74049,8.5501,0.0035,11.8862,2016-09-01 14:00
LEV,1.0,0.0,0.0,0.94769,19.3033,36.8638,56.1671,,131,9.5679,0.4673,0.2607,Bayer Leverkusen,1.97076,0.0464,0.025,74045,7.5984,0.0464,16.8337,2016-09-01 14:00
HOF,0.0,1.0,0.0,1.37714,-13.2202,56.5298,43.3096,,7911,15.0945,0.0603,0.1363,TSG Hoffenheim,1.63465,0.0009,0.237,84341,8.69,0.0009,10.2155,2016-09-01 14:00
SCH,1.0,0.0,0.0,1.12012,-4.0134,47.3142,43.3008,,133,13.9075,0.1351,0.2033,Schalke 04,1.64939,0.0053,0.1564,74039,8.0044,0.0053,12.0881,2016-09-01 14:00
RBL,0.0,1.0,0.0,1.15578,-9.446,50.2023,40.7563,,11420,14.1528,0.0842,0.1635,RB Leipzig,1.45352,0.0026,0.2045,91099,9.1973,0.0026,10.6499,2016-09-01 14:00
HER,0.0,0.0,1.0,1.01701,-3.8831,44.3752,40.4921,,129,13.0716,0.1494,0.2185,Hertha Berlin,1.41928,0.007,0.122,74051,8.5275,0.007,12.4009,2016-09-01 14:00
FRA,0.0,0.0,1.0,1.20937,-10.2342,49.9725,39.7383,,125,14.6204,0.094,0.1671,Eintracht Frankfurt,1.44501,0.0036,0.1839,74052,8.066,0.0036,11.3136,2016-09-01 14:00
HSV,0.0,1.0,0.0,1.24737,-16.5766,53.4743,36.8977,,127,15.7314,0.0399,0.103,Hamburg SV,1.35134,0.001,0.3135,78530,9.0914,0.001,9.1772,2016-09-01 14:00
FRE,1.0,0.0,0.0,1.23973,-7.6213,51.643,44.0217,,126,14.7384,0.0934,0.1858,SC Freiburg,1.6405,0.0023,0.1833,74053,7.8747,0.0023,11.3869,2016-09-01 14:00
MNZ,1.0,0.0,0.0,1.10228,-2.2659,46.3412,44.0753,,2950,13.4934,0.1381,0.2079,Mainz,1.57776,0.0047,0.1336,74062,8.261,0.0047,12.2456,2016-09-01 14:00
ING,0.0,1.0,0.0,1.18451,-16.082,51.969,35.887,,6367,15.5326,0.044,0.1074,FC Ingolstadt 04,1.28257,0.0011,0.308,79434,9.1883,0.0011,9.2791,2016-09-01 14:00
BRE,1.0,0.0,0.0,1.45734,-18.1073,60.1325,42.0252,,137,15.994,0.0504,0.1211,Werder Bremen,1.60048,0.0007,0.2661,74042,7.7963,0.0007,10.2097,2016-09-01 14:00
BMU,0.0,0.0,1.0,0.56895,64.4561,22.9551,87.4112,,132,3.5765,0.9793,0.0186,Bayern Munich,2.91963,0.6702,0.0,74078,5.3586,0.6702,25.0649,2016-09-01 14:00
DRM,1.0,0.0,0.0,1.28165,-19.9395,55.0479,35.1084,,3812,16.9921,0.0249,0.0869,SV Darmstadt 98,1.313,0.0004,0.3644,74070,8.0594,0.0004,8.9485,2016-09-01 14:00
MGB,0.0,0.0,0.0,1.06196,5.5026,43.7535,49.2561,,268,11.6329,0.263,0.2554,Borussia Monchengladbach,1.79396,0.0179,0.0749,74048,8.1805,0.0179,14.1866,2016-08-25 14:00
WLF,0.0,0.0,0.0,1.12632,6.2148,45.4394,51.6542,,138,11.6374,0.2731,0.2523,VfL Wolfsburg,1.87294,0.0229,0.0678,74046,7.9719,0.0229,14.3907,2016-08-25 14:00
DOR,0.0,0.0,0.0,0.85042,40.607,30.318,70.925,,124,6.0795,0.8113,0.1286,Borussia Dortmund,2.41185,0.212,0.0015,74050,6.7074,0.212,21.2131,2016-08-25 14:00
AUG,0.0,0.0,0.0,1.16566,-11.1385,50.5362,39.3977,,3841,14.8711,0.0765,0.1589,FC Augsburg,1.42386,0.0022,0.2232,74082,8.4527,0.0022,10.6762,2016-08-25 14:00
COL,0.0,0.0,0.0,1.07104,-8.3904,46.9802,38.5898,,122,14.1805,0.0924,0.1765,FC Cologne,1.34732,0.0035,0.1911,74049,8.786,0.0035,11.0335,2016-08-25 14:00
LEV,0.0,0.0,0.0,0.93662,21.7345,35.6719,57.4064,,131,8.6755,0.5266,0.245,Bayer Leverkusen,1.98714,0.0694,0.0189,74045,7.8062,0.0694,17.5183,2016-08-25 14:00
HOF,0.0,0.0,0.0,1.34035,-11.5313,54.9168,43.3855,,7911,15.1013,0.0783,0.1562,TSG Hoffenheim,1.6383,0.0024,0.2178,84341,8.0255,0.0024,10.8732,2016-08-25 14:00
SCH,0.0,0.0,0.0,1.12586,-1.7957,47.5499,45.7542,,133,13.0579,0.1702,0.2198,Schalke 04,1.6947,0.0106,0.1274,74039,8.269,0.0106,12.6731,2016-08-25 14:00
RBL,0.0,0.0,0.0,1.15863,-10.59,49.9006,39.3106,,11420,14.7522,0.0815,0.1597,RB Leipzig,1.41527,0.004,0.2158,91099,8.5064,0.004,10.7414,2016-08-25 14:00
HER,0.0,0.0,0.0,1.03095,-4.9259,44.6307,39.7048,,129,13.4096,0.1271,0.2077,Hertha Berlin,1.40601,0.0054,0.155,74051,8.7912,0.0054,11.7992,2016-08-25 14:00
FRA,0.0,0.0,0.0,1.2456,-12.3092,52.5353,40.2261,,125,15.1729,0.0742,0.1436,Eintracht Frankfurt,1.45186,0.0024,0.2452,74052,8.3259,0.0024,10.5012,2016-08-25 14:00
HSV,0.0,0.0,0.0,1.23767,-14.3728,52.7622,38.3894,,127,15.6138,0.0543,0.128,Hamburg SV,1.38641,0.0018,0.2699,78530,8.3605,0.0018,10.0257,2016-08-25 14:00
FRE,0.0,0.0,0.0,1.22767,-6.3491,50.6969,44.3478,,126,14.0373,0.1239,0.192,SC Freiburg,1.65999,0.0045,0.1644,74053,8.144,0.0045,11.8187,2016-08-25 14:00
MNZ,0.0,0.0,0.0,1.117,-4.7303,47.5808,42.8505,,2950,13.608,0.1297,0.2011,Mainz,1.56901,0.0065,0.1501,74062,8.4382,0.0065,11.9538,2016-08-25 14:00
ING,0.0,0.0,0.0,1.2165,-17.3504,53.1275,35.7771,,6367,16.2019,0.0422,0.1091,FC Ingolstadt 04,1.27268,0.0006,0.324,79434,8.4113,0.0006,9.3868,2016-08-25 14:00
BRE,0.0,0.0,0.0,1.40574,-14.3167,56.955,42.6383,,137,15.6984,0.0565,0.1374,Werder Bremen,1.63678,0.002,0.241,74042,7.8455,0.002,10.4561,2016-08-25 14:00
BMU,0.0,0.0,0.0,0.58782,60.7223,23.2736,83.9959,,132,3.6829,0.9767,0.0201,Bayern Munich,2.83039,0.6309,0.0,74078,5.5114,0.6309,24.8057,2016-08-25 14:00
DRM,0.0,0.0,0.0,1.2536,-16.9809,53.8617,36.8808,,3812,16.1408,0.0425,0.1086,SV Darmstadt 98,1.34093,0.001,0.312,74070,8.3586,0.001,9.5006,2016-08-25 14:00
